{
  "reducer": "pca",
  "info": {
    "evr_fit": [
      0.28238311409950256,
      0.09295511990785599
    ],
    "evr_gt": [
      0.03144961595535278,
      0.22306473553180695
    ],
    "evr_pred": [
      0.022627796977758408,
      0.02557997964322567
    ]
  },
  "trust": {
    "gt": 0.8538816568047337,
    "pred": 0.693905325443787
  },
  "mantel": {
    "gt": {
      "r": 0.5924530828059388,
      "p": 0.001
    },
    "pred": {
      "r": 0.25252009382328794,
      "p": 0.001
    },
    "combined": {
      "r": 0.25125991798752195,
      "p": 0.001
    }
  }
}