{
  "reducer": "tica",
  "info": {
    "best_lag": 1,
    "vamp2_scores": {
      "1": 6.2596536949741495,
      "2": 5.834495586642487,
      "5": 5.2601036412987225,
      "10": 4.870176389438331,
      "20": 4.330130106659539,
      "50": 3.680155224963367
    },
    "values": [
      1.0,
      1.0
    ],
    "timescales": [
      1000022122209.0028,
      1000022122209.0028
    ]
  },
  "trust": {
    "gt": 0.7971952662721893,
    "pred": 0.710923076923077
  },
  "mantel": {
    "gt": {
      "r": 0.8611764707820385,
      "p": 0.001
    },
    "pred": {
      "r": 0.46662228027590524,
      "p": 0.001
    },
    "combined": {
      "r": 0.7205480956466036,
      "p": 0.001
    }
  }
}