{
  "reducer": "diffmap",
  "info": {
    "diffmap_evals": [
      0.06990797072649002,
      0.009913180954754353
    ],
    "epsilon": 94.77259503930782
  },
  "trust": {
    "gt": 0.8195384615384615,
    "pred": 0.7369112426035502
  },
  "mantel": {
    "gt": {
      "r": 0.5630344718884164,
      "p": 0.001
    },
    "pred": {
      "r": 0.2595589229363302,
      "p": 0.001
    },
    "combined": {
      "r": 0.5218478371220203,
      "p": 0.001
    }
  }
}