{
  "reducer": "diffmap",
  "info": {
    "diffmap_evals": [
      0.04426860064268112,
      0.03364099934697151
    ],
    "epsilon": 21.31377518897375
  },
  "trust": {
    "gt": 0.879396449704142,
    "pred": 0.8057159763313609
  },
  "mantel": {
    "gt": {
      "r": 0.6618741259438381,
      "p": 0.001
    },
    "pred": {
      "r": 0.5574804340067997,
      "p": 0.001
    },
    "combined": {
      "r": 0.38964181245983415,
      "p": 0.001
    }
  }
}