{
  "reducer": "diffmap",
  "info": {
    "diffmap_evals": [
      0.19221030175685883,
      0.01730324514210224
    ],
    "epsilon": 4.88692900451133
  },
  "trust": {
    "gt": 0.7996686390532545,
    "pred": 0.702603550295858
  },
  "mantel": {
    "gt": {
      "r": 0.24425241893170668,
      "p": 0.001
    },
    "pred": {
      "r": 0.1040504753275034,
      "p": 0.015
    },
    "combined": {
      "r": 0.4596321236965547,
      "p": 0.001
    }
  }
}