,PC1_loading,PC2_loading
BA,0.08407238304064109,0.6551494374699723
BC1,0.5685144722605919,-0.0037007530468429195
AC1,0.4394287836903391,-0.4070555515902617
BC2,0.4422983567005678,-0.21219778654559224
AC2,-0.2937436367730888,-0.5908321186342205
dc,0.4412621814974122,0.10469385800782678
