{
  "reducer": "pca",
  "info": {
    "evr_fit": [
      0.5271645784378052,
      0.2287752628326416
    ],
    "evr_gt": [
      0.4623197019100189,
      0.2400689274072647
    ],
    "evr_pred": [
      0.6179890632629395,
      0.1585877686738968
    ]
  },
  "trust": {
    "gt": 0.8626745562130178,
    "pred": 0.9388165680473373
  },
  "mantel": {
    "gt": {
      "r": 0.6851432863808705,
      "p": 0.001
    },
    "pred": {
      "r": 0.8139287431910411,
      "p": 0.001
    },
    "combined": {
      "r": 0.7840667526816552,
      "p": 0.001
    }
  }
}