{
  "reducer": "kpca_poly",
  "info": {},
  "trust": {
    "gt": 0.9059526627218935,
    "pred": 0.8100710059171597
  },
  "mantel": {
    "gt": {
      "r": 0.8805451537017446,
      "p": 0.001
    },
    "pred": {
      "r": 0.46774618288992525,
      "p": 0.001
    },
    "combined": {
      "r": 0.5392768952835927,
      "p": 0.001
    }
  }
}