TCR_name,minimization_mode,total_score,tcr_chains,pmhc_chains,peptide_chain,mhc_only_chains,partners_tcr_pmhc,partners_pep_mhc,interface_dG_tcr_pmhc,dG_separated_tcr_pmhc,delta_sasa_tcr_pmhc,interface_dG_pep_mhc,dG_separated_pep_mhc,delta_sasa_pep_mhc,dE_binding_tcr_pmhc,openmm_energy
Binding_donor1_row2_cand000004,openmm,-207.40214274507403,AB,MP,P,M,MP_AB,M_P,-40.243704373441716,-40.243704373441716,2165.0019008334157,-65.8785953372743,-65.8785953372743,1813.1325784776946,-40.24370437344143,-54543.97437791515 kJ/mol
Binding_donor1_row0_cand000001,openmm,-373.4602185833375,AB,MP,P,M,MP_AB,M_P,-59.09660176709701,-59.09660176709701,2080.872679199688,-60.288950701315386,-60.288950701315386,1802.9158088874651,-59.09660176729915,-56965.08733342501 kJ/mol
Binding_donor3_row4_cand000005,openmm,-270.52302270947155,AB,MP,P,M,MP_AB,M_P,-42.74490528512777,-42.74490528512777,1890.3282896109129,-72.0394678904775,-72.0394678904775,1757.8216982185927,-42.744905285072775,-53842.98859237556 kJ/mol
