TCR_name,minimization_mode,total_score,tcr_chains,pmhc_chains,peptide_chain,mhc_only_chains,partners_tcr_pmhc,partners_pep_mhc,interface_dG_tcr_pmhc,dG_separated_tcr_pmhc,delta_sasa_tcr_pmhc,interface_dG_pep_mhc,dG_separated_pep_mhc,delta_sasa_pep_mhc,dE_binding_tcr_pmhc
Binding_donor1_row0_cand000005,none,11357.920182995758,AB,MP,P,M,MP_AB,M_P,3500.3751725859456,3500.3751725859456,1813.4002654428373,1911.2484733549177,1911.2484733549177,1886.6806833435658,3500.3751725860766
Binding_donor2_row3_cand000009,none,22298.46321849916,AB,MP,P,M,MP_AB,M_P,8312.059519981538,8312.059519981538,1806.7414852806285,2009.7220346981119,2009.7220346981119,1935.67549629238,8312.05951998167
Binding_donor1_row1_cand000006,none,23323.583214657665,AB,MP,P,M,MP_AB,M_P,2186.7790669497335,2186.7790669497335,1796.6619373546998,1977.706187368843,1977.706187368843,1917.82118916648,2186.779066949184
Binding_donor1_row2_cand000003,none,36591.05817672176,AB,MP,P,M,MP_AB,M_P,13876.971002502873,13876.971002502873,1725.3655011493747,2090.8036392900667,2090.8036392900667,1908.6685817277764,13876.971002503044
Binding_donor4_row11_cand000007,none,29542.79156568943,AB,MP,P,M,MP_AB,M_P,2828.227749804635,2828.227749804635,928.2458073367774,1970.4205552667208,1970.4205552667208,1896.55145886288,2828.2277498048643
Binding_donor2_row6_cand000010,none,16944.34137609692,AB,MP,P,M,MP_AB,M_P,6001.485694263283,6001.485694263283,1751.7456175589643,1964.2710216479359,1964.2710216479359,1901.3382143834376,6001.485694263254
Binding_donor2_row7_cand000001,none,17832.53456729569,AB,MP,P,M,MP_AB,M_P,5613.087619182559,5613.087619182559,2200.740620075559,2028.4538830972592,2028.4538830972592,1906.516862255729,5613.087619182414
