TCR_name,minimization_mode,total_score,tcr_chains,pmhc_chains,peptide_chain,mhc_only_chains,partners_tcr_pmhc,partners_pep_mhc,interface_dG_tcr_pmhc,dG_separated_tcr_pmhc,delta_sasa_tcr_pmhc,interface_dG_pep_mhc,dG_separated_pep_mhc,delta_sasa_pep_mhc,dE_binding_tcr_pmhc,openmm_energy
Binding_donor1_row1_cand000006,openmm,322.7126288030446,AB,MP,P,M,MP_AB,M_P,-44.68071328417898,-44.68071328417898,2031.3573470117776,-70.8764624565867,-70.8764624565867,1928.342949225732,-44.680713283687965,-44452.126944079064 kJ/mol
Binding_donor1_row0_cand000005,openmm,-331.60244653825686,AB,MP,P,M,MP_AB,M_P,-37.20882454285049,-37.20882454285049,1985.8683420248592,-63.57134965741335,-63.57134965741335,1893.5627105096528,-37.20882454280962,-53592.87207570179 kJ/mol
Binding_donor1_row2_cand000003,openmm,322.1230336377558,AB,MP,P,M,MP_AB,M_P,278.75430033129766,278.75430033129766,2210.8595503864326,-61.634104425599446,-61.634104425599446,1918.6039809715278,278.7543003310885,-48706.30418598764 kJ/mol
Binding_donor2_row3_cand000009,openmm,-219.06853625617896,AB,MP,P,M,MP_AB,M_P,-41.35766267493591,-41.35766267493591,2023.5014028520222,-69.19031332171679,-69.19031332171679,2022.7820944896332,-41.35766267500867,-50472.905257330014 kJ/mol
Binding_donor2_row7_cand000001,openmm,-222.22075927854354,AB,MP,P,M,MP_AB,M_P,-35.58330558778434,-35.58330558778434,2175.793287112535,-68.79250879405905,-68.79250879405905,1989.6252524454937,-35.583305587452,-54552.279699735125 kJ/mol
Binding_donor2_row6_cand000010,openmm,-403.8124185338472,AB,MP,P,M,MP_AB,M_P,-34.710056939479955,-34.710056939479955,1814.260518838599,-58.15026433610143,-58.15026433610143,1856.7692306228869,-34.71005693938798,-54430.82123655631 kJ/mol
Binding_donor4_row11_cand000007,openmm,-160.7005347482419,AB,MP,P,M,MP_AB,M_P,-16.718040655848796,-16.718040655848796,977.2488659966807,-60.285409508282626,-60.285409508282626,1887.4137293864221,-16.718040656295187,-53455.15212612452 kJ/mol
