{
  "reducer": "kpca_poly",
  "info": {},
  "trust": {
    "gt": 0.8924852071005918,
    "pred": 0.9064023668639053
  },
  "mantel": {
    "gt": {
      "r": 0.5434403646892356,
      "p": 0.001
    },
    "pred": {
      "r": 0.3929476338134977,
      "p": 0.001
    },
    "combined": {
      "r": 0.591003174401814,
      "p": 0.001
    }
  }
}