{
  "reducer": "kpca_cosine",
  "info": {},
  "trust": {
    "gt": 0.8282721893491124,
    "pred": 0.7721775147928994
  },
  "mantel": {
    "gt": {
      "r": 0.8470273014221732,
      "p": 0.001
    },
    "pred": {
      "r": 0.4596843483159448,
      "p": 0.001
    },
    "combined": {
      "r": 0.53962228434902,
      "p": 0.001
    }
  }
}