{
  "reducer": "kpca_rbf",
  "info": {},
  "trust": {
    "gt": 0.9071834319526627,
    "pred": 0.8051834319526627
  },
  "mantel": {
    "gt": {
      "r": 0.8902047114026125,
      "p": 0.001
    },
    "pred": {
      "r": 0.48023934960742587,
      "p": 0.001
    },
    "combined": {
      "r": 0.3360527924427847,
      "p": 0.001
    }
  }
}