{
  "reducer": "kpca_cosine",
  "info": {},
  "trust": {
    "gt": 0.8647100591715976,
    "pred": 0.6774319526627219
  },
  "mantel": {
    "gt": {
      "r": 0.5159920824333145,
      "p": 0.001
    },
    "pred": {
      "r": 0.11507137479425458,
      "p": 0.006
    },
    "combined": {
      "r": -0.043065759897736394,
      "p": 0.914
    }
  }
}