{
  "reducer": "kpca_poly",
  "info": {},
  "trust": {
    "gt": 0.9088757396449704,
    "pred": 0.7215739644970414
  },
  "mantel": {
    "gt": {
      "r": 0.296939195630138,
      "p": 0.001
    },
    "pred": {
      "r": 0.09320010648368421,
      "p": 0.025
    },
    "combined": {
      "r": -0.016769467515054693,
      "p": 0.718
    }
  }
}