{
  "reducer": "pca",
  "info": {
    "evr_fit": [
      0.550554096698761,
      0.17007236182689667
    ],
    "evr_gt": [
      0.5544007420539856,
      0.08970249444246292
    ],
    "evr_pred": [
      0.31151923537254333,
      0.35345491766929626
    ]
  },
  "trust": {
    "gt": 0.8693372781065088,
    "pred": 0.9404970414201184
  },
  "mantel": {
    "gt": {
      "r": 0.8816135822495782,
      "p": 0.001
    },
    "pred": {
      "r": 0.8628255241176175,
      "p": 0.001
    },
    "combined": {
      "r": 0.8713366424993703,
      "p": 0.001
    }
  }
}