{
  "reducer": "tica",
  "info": {
    "best_lag": 1,
    "vamp2_scores": {
      "1": 1.72009020609122,
      "2": 1.5961550709647052,
      "5": 1.444136751074775,
      "10": 1.3717419079834978,
      "20": 1.2305955600327514,
      "50": 1.1279671929640038
    },
    "values": [
      1.0,
      1.0
    ],
    "timescales": [
      1000022122209.0028,
      1000022122209.0028
    ]
  },
  "trust": {
    "gt": 0.6980710059171598,
    "pred": 0.8015739644970414
  },
  "mantel": {
    "gt": {
      "r": 0.7244100192897839,
      "p": 0.001
    },
    "pred": {
      "r": 0.8202417364610608,
      "p": 0.001
    },
    "combined": {
      "r": 0.8193050339102314,
      "p": 0.001
    }
  }
}