{
  "reducer": "tica",
  "info": {
    "best_lag": 1,
    "vamp2_scores": {
      "1": 1.0081783281508152,
      "2": 1.0035557439523741,
      "5": 1.0012665628835915,
      "10": 1.0003230405297696,
      "20": 1.0000656009924138,
      "50": 1.0000093122554015
    },
    "values": [
      1.0,
      1.0
    ],
    "timescales": [
      1000022122209.0028,
      1000022122209.0028
    ]
  },
  "trust": {
    "gt": 0.6698816568047337,
    "pred": 0.6956686390532545
  },
  "mantel": {
    "gt": {
      "r": 0.7185176943497141,
      "p": 0.001
    },
    "pred": {
      "r": 0.7647976841122358,
      "p": 0.001
    },
    "combined": {
      "r": 0.8551878014064849,
      "p": 0.001
    }
  }
}