{
  "reducer": "kpca_cosine",
  "info": {},
  "trust": {
    "gt": 0.882284023668639,
    "pred": 0.698189349112426
  },
  "mantel": {
    "gt": {
      "r": 0.5998596478594829,
      "p": 0.001
    },
    "pred": {
      "r": 0.2070985050144154,
      "p": 0.001
    },
    "combined": {
      "r": 0.07832498278303196,
      "p": 0.003
    }
  }
}