{
  "reducer": "diffmap",
  "info": {
    "diffmap_evals": [
      0.07978983223438263,
      0.023215457797050476
    ],
    "epsilon": 9.982770962274628
  },
  "trust": {
    "gt": 0.7644852071005918,
    "pred": 0.8535976331360947
  },
  "mantel": {
    "gt": {
      "r": 0.685034931841895,
      "p": 0.001
    },
    "pred": {
      "r": 0.6308085732597916,
      "p": 0.001
    },
    "combined": {
      "r": 0.829007168107456,
      "p": 0.001
    }
  }
}