{
  "reducer": "kpca_poly",
  "info": {},
  "trust": {
    "gt": 0.8654792899408283,
    "pred": 0.9013846153846153
  },
  "mantel": {
    "gt": {
      "r": 0.5939373435449827,
      "p": 0.001
    },
    "pred": {
      "r": 0.2807462637472254,
      "p": 0.001
    },
    "combined": {
      "r": 0.35363928553721113,
      "p": 0.001
    }
  }
}