{
  "reducer": "kpca_poly",
  "info": {},
  "trust": {
    "gt": 0.84898224852071,
    "pred": 0.8390532544378698
  },
  "mantel": {
    "gt": {
      "r": 0.8382985803017408,
      "p": 0.001
    },
    "pred": {
      "r": 0.6580987162699704,
      "p": 0.001
    },
    "combined": {
      "r": 0.7087298666679949,
      "p": 0.001
    }
  }
}