TCR_name,minimization_mode,total_score,tcr_chains,pmhc_chains,peptide_chain,mhc_only_chains,partners_tcr_pmhc,partners_pep_mhc,interface_dG_tcr_pmhc,dG_separated_tcr_pmhc,delta_sasa_tcr_pmhc,interface_dG_pep_mhc,dG_separated_pep_mhc,delta_sasa_pep_mhc,dE_binding_tcr_pmhc,openmm_energy
Binding_donor2_row1_cand000002,openmm,-357.712079944271,AB,MP,P,M,MP_AB,M_P,-51.69734684546097,-51.69734684546097,2232.844788113162,-69.4726596399661,-69.4726596399661,1683.334396775639,-51.697346845706534,-50301.47864645694 kJ/mol
Binding_donor1_row0_cand000001,openmm,-246.3069414457731,AB,MP,P,M,MP_AB,M_P,-39.051402489142305,-39.051402489142305,1878.0282795114642,-67.9696377797259,-67.9696377797259,1817.3088023118667,-39.05140248968897,-52616.744885249704 kJ/mol
Binding_donor4_row4_cand000003,openmm,-412.0981649644757,AB,MP,P,M,MP_AB,M_P,-52.763614720553846,-52.763614720553846,1939.2288082380064,-65.44516028859651,-65.44516028859651,1721.4966026469124,-52.76361472033648,-56985.36597572279 kJ/mol
Binding_donor3_row2_cand000005,openmm,180.95698942375776,AB,MP,P,M,MP_AB,M_P,-45.3832137497956,-45.3832137497956,1952.3163186529728,444.9577738410987,444.9577738410987,1743.5612644901344,-45.38321375015428,-40741.81814023442 kJ/mol
