{
  "reducer": "kpca_poly",
  "info": {},
  "trust": {
    "gt": 0.8298579881656805,
    "pred": 0.896414201183432
  },
  "mantel": {
    "gt": {
      "r": 0.4059579378259621,
      "p": 0.001
    },
    "pred": {
      "r": 0.1892386259009851,
      "p": 0.001
    },
    "combined": {
      "r": 0.3050953762511587,
      "p": 0.001
    }
  }
}