{
  "reducer": "tica",
  "info": {
    "best_lag": 1,
    "vamp2_scores": {
      "1": 1.030144193908975,
      "2": 1.018258250153959,
      "5": 1.0103069050729312,
      "10": 1.0050728108693454,
      "20": 1.0028150521578663,
      "50": 1.0011308615251249
    },
    "values": [
      1.0,
      1.0
    ],
    "timescales": [
      1000022122209.0028,
      1000022122209.0028
    ]
  },
  "trust": {
    "gt": 0.8199408284023668,
    "pred": 0.7695384615384615
  },
  "mantel": {
    "gt": {
      "r": 0.6483636242392892,
      "p": 0.001
    },
    "pred": {
      "r": 0.5771821908315106,
      "p": 0.001
    },
    "combined": {
      "r": 0.8631781823217538,
      "p": 0.001
    }
  }
}