{
  "reducer": "kpca_poly",
  "info": {},
  "trust": {
    "gt": 0.8316094674556214,
    "pred": 0.7689230769230769
  },
  "mantel": {
    "gt": {
      "r": 0.8486927476868642,
      "p": 0.001
    },
    "pred": {
      "r": 0.4543464786163181,
      "p": 0.001
    },
    "combined": {
      "r": 0.5265584063122463,
      "p": 0.001
    }
  }
}