{
  "reducer": "tica",
  "info": {
    "best_lag": 1,
    "vamp2_scores": {
      "1": 9.334582581362403,
      "2": 9.114122150104242,
      "5": 8.791462686646046,
      "10": 8.514042281812195,
      "20": 8.213283156031213,
      "50": 7.834396642537318
    },
    "values": [
      1.0,
      1.0
    ],
    "timescales": [
      1000022122209.0028,
      1000022122209.0028
    ]
  },
  "trust": {
    "gt": 0.8374674556213018,
    "pred": 0.626094674556213
  },
  "mantel": {
    "gt": {
      "r": 0.8161372157821211,
      "p": 0.001
    },
    "pred": {
      "r": 0.21989874732712916,
      "p": 0.001
    },
    "combined": {
      "r": 0.2885922406200418,
      "p": 0.001
    }
  }
}