{
  "reducer": "tica",
  "info": {
    "best_lag": 1,
    "vamp2_scores": {
      "1": 9.138656330830617,
      "2": 8.845108278130358,
      "5": 8.348321981202222,
      "10": 7.8500937225796115,
      "20": 7.218374046161781,
      "50": 6.18481918889015
    },
    "values": [
      1.0,
      1.0
    ],
    "timescales": [
      1000022122209.0028,
      1000022122209.0028
    ]
  },
  "trust": {
    "gt": 0.7669585798816568,
    "pred": 0.646887573964497
  },
  "mantel": {
    "gt": {
      "r": 0.6338957553509432,
      "p": 0.001
    },
    "pred": {
      "r": 0.21655244782321095,
      "p": 0.001
    },
    "combined": {
      "r": 0.25677510547754756,
      "p": 0.001
    }
  }
}