{
  "reducer": "kpca_rbf",
  "info": {},
  "trust": {
    "gt": 0.9545207100591716,
    "pred": 0.8874674556213018
  },
  "mantel": {
    "gt": {
      "r": 0.7745307867767748,
      "p": 0.001
    },
    "pred": {
      "r": 0.6389241003890521,
      "p": 0.001
    },
    "combined": {
      "r": 0.537780730189814,
      "p": 0.001
    }
  }
}