{
  "reducer": "kpca_rbf",
  "info": {},
  "trust": {
    "gt": 0.9354674556213017,
    "pred": 0.8979408284023669
  },
  "mantel": {
    "gt": {
      "r": 0.9127154886627896,
      "p": 0.001
    },
    "pred": {
      "r": 0.7782084901098715,
      "p": 0.001
    },
    "combined": {
      "r": 0.5657108083911697,
      "p": 0.001
    }
  }
}