{
  "reducer": "kpca_poly",
  "info": {},
  "trust": {
    "gt": 0.8358224852071006,
    "pred": 0.7709822485207101
  },
  "mantel": {
    "gt": {
      "r": 0.7351778439802951,
      "p": 0.001
    },
    "pred": {
      "r": 0.5512019849303019,
      "p": 0.001
    },
    "combined": {
      "r": 0.5967554858744382,
      "p": 0.001
    }
  }
}