{
  "reducer": "diffmap",
  "info": {
    "diffmap_evals": [
      0.19221064448356628,
      0.017303258180618286
    ],
    "epsilon": 4.886925842166022
  },
  "trust": {
    "gt": 0.7996568047337278,
    "pred": 0.702603550295858
  },
  "mantel": {
    "gt": {
      "r": 0.24424785085443548,
      "p": 0.001
    },
    "pred": {
      "r": 0.1040531708884911,
      "p": 0.015
    },
    "combined": {
      "r": 0.45963149447120055,
      "p": 0.001
    }
  }
}