{
  "reducer": "pca",
  "info": {
    "evr_fit": [
      0.44907039403915405,
      0.14126333594322205
    ],
    "evr_gt": [
      0.2823994755744934,
      0.18924187123775482
    ],
    "evr_pred": [
      0.4782073497772217,
      0.12281061708927155
    ]
  },
  "trust": {
    "gt": 0.9276686390532545,
    "pred": 0.9407573964497041
  },
  "mantel": {
    "gt": {
      "r": 0.7378519370926958,
      "p": 0.001
    },
    "pred": {
      "r": 0.7505267326185389,
      "p": 0.001
    },
    "combined": {
      "r": 0.7741508137577859,
      "p": 0.001
    }
  }
}