{
  "reducer": "kpca_rbf",
  "info": {},
  "trust": {
    "gt": 0.81301775147929,
    "pred": 0.7454201183431952
  },
  "mantel": {
    "gt": {
      "r": 0.5078137374325346,
      "p": 0.001
    },
    "pred": {
      "r": 0.1756322269452587,
      "p": 0.001
    },
    "combined": {
      "r": 0.40521514281903126,
      "p": 0.001
    }
  }
}