{
  "reducer": "pca",
  "info": {
    "evr_fit": [
      0.7026364207267761,
      0.1177249625325203
    ],
    "evr_gt": [
      0.38863807916641235,
      0.24624784290790558
    ],
    "evr_pred": [
      0.15782524645328522,
      0.11969475448131561
    ]
  },
  "trust": {
    "gt": 0.9190177514792899,
    "pred": 0.9263905325443786
  },
  "mantel": {
    "gt": {
      "r": 0.3491043418677044,
      "p": 0.001
    },
    "pred": {
      "r": 0.7015062161113169,
      "p": 0.001
    },
    "combined": {
      "r": 0.9168090601968022,
      "p": 0.001
    }
  }
}