{
  "reducer": "tica",
  "info": {
    "best_lag": 1,
    "vamp2_scores": {
      "1": 2.6015830949745373,
      "2": 2.3441423049433086,
      "5": 1.9981446490404797,
      "10": 1.7586992150002476,
      "20": 1.5129309389912162,
      "50": 1.2426568237320113
    },
    "values": [
      1.0,
      1.0
    ],
    "timescales": [
      1000022122209.0028,
      1000022122209.0028
    ]
  },
  "trust": {
    "gt": 0.8338934911242604,
    "pred": 0.7931597633136095
  },
  "mantel": {
    "gt": {
      "r": 0.35729089870165587,
      "p": 0.001
    },
    "pred": {
      "r": 0.24951861513686296,
      "p": 0.001
    },
    "combined": {
      "r": 0.42147959467936374,
      "p": 0.001
    }
  }
}