{
  "reducer": "tica",
  "info": {
    "best_lag": 1,
    "vamp2_scores": {
      "1": 1.1603007833581351,
      "2": 1.1091246063774722,
      "5": 1.0597417023049998,
      "10": 1.0346300989346533,
      "20": 1.0154775794741326,
      "50": 1.0030169610927508
    },
    "values": [
      1.0,
      1.0
    ],
    "timescales": [
      1000022122209.0028,
      1000022122209.0028
    ]
  },
  "trust": {
    "gt": 0.7037514792899409,
    "pred": 0.7165562130177514
  },
  "mantel": {
    "gt": {
      "r": 0.6297989795336174,
      "p": 0.001
    },
    "pred": {
      "r": 0.638477135360931,
      "p": 0.001
    },
    "combined": {
      "r": 0.8099696996181993,
      "p": 0.001
    }
  }
}