{
  "reducer": "kpca_poly",
  "info": {},
  "trust": {
    "gt": 0.8666390532544379,
    "pred": 0.7370532544378698
  },
  "mantel": {
    "gt": {
      "r": 0.8224539270452981,
      "p": 0.001
    },
    "pred": {
      "r": 0.3279836124023147,
      "p": 0.001
    },
    "combined": {
      "r": 0.4817743555760411,
      "p": 0.001
    }
  }
}