{
  "reducer": "pca",
  "info": {
    "evr_fit": [
      0.47336527705192566,
      0.19454677402973175
    ],
    "evr_gt": [
      0.4156408905982971,
      0.23377761244773865
    ],
    "evr_pred": [
      0.09821001440286636,
      0.41071733832359314
    ]
  },
  "trust": {
    "gt": 0.9380710059171598,
    "pred": 0.8006508875739645
  },
  "mantel": {
    "gt": {
      "r": 0.8040597636699112,
      "p": 0.001
    },
    "pred": {
      "r": 0.6283449690338224,
      "p": 0.001
    },
    "combined": {
      "r": 0.8721094189452637,
      "p": 0.001
    }
  }
}