{
  "reducer": "kpca_cosine",
  "info": {},
  "trust": {
    "gt": 0.882284023668639,
    "pred": 0.698189349112426
  },
  "mantel": {
    "gt": {
      "r": 0.5998599076078839,
      "p": 0.001
    },
    "pred": {
      "r": 0.20709581204958993,
      "p": 0.001
    },
    "combined": {
      "r": 0.07832520747195468,
      "p": 0.003
    }
  }
}