{
  "reducer": "tica",
  "info": {
    "best_lag": 1,
    "vamp2_scores": {
      "1": 2.0047086629579263,
      "2": 1.8756157311599178,
      "5": 1.6653767243968054,
      "10": 1.4829927443211282,
      "20": 1.2746937818660533,
      "50": 1.068432148270614
    },
    "values": [
      1.0,
      1.0
    ],
    "timescales": [
      1000022122209.0028,
      1000022122209.0028
    ]
  },
  "trust": {
    "gt": 0.7929822485207101,
    "pred": 0.8908402366863906
  },
  "mantel": {
    "gt": {
      "r": 0.6247320882109851,
      "p": 0.001
    },
    "pred": {
      "r": 0.28950678386337264,
      "p": 0.001
    },
    "combined": {
      "r": 0.4526295267925018,
      "p": 0.001
    }
  }
}