{
  "reducer": "kpca_rbf",
  "info": {},
  "trust": {
    "gt": 0.8397751479289941,
    "pred": 0.8722721893491124
  },
  "mantel": {
    "gt": {
      "r": 0.839640666976483,
      "p": 0.001
    },
    "pred": {
      "r": 0.669089277775614,
      "p": 0.001
    },
    "combined": {
      "r": 0.6980014279655421,
      "p": 0.001
    }
  }
}