{
  "reducer": "tica",
  "info": {
    "best_lag": 1,
    "vamp2_scores": {
      "1": 2.8440605205335405,
      "2": 2.609632729113579,
      "5": 2.2780645379867908,
      "10": 2.0650087110998,
      "20": 1.8196794118362427,
      "50": 1.5211021088152954
    },
    "values": [
      1.0,
      1.0
    ],
    "timescales": [
      1000022122209.0028,
      1000022122209.0028
    ]
  },
  "trust": {
    "gt": 0.6725680473372782,
    "pred": 0.843715976331361
  },
  "mantel": {
    "gt": {
      "r": 0.6121585451985585,
      "p": 0.001
    },
    "pred": {
      "r": 0.7744611126961315,
      "p": 0.001
    },
    "combined": {
      "r": 0.7807727467249179,
      "p": 0.001
    }
  }
}