{
  "reducer": "pca",
  "info": {
    "evr_fit": [
      0.3013060986995697,
      0.04010991379618645
    ],
    "evr_gt": [
      0.014681500382721424,
      0.08640292286872864
    ],
    "evr_pred": [
      0.040589164942502975,
      0.03637361526489258
    ]
  },
  "trust": {
    "gt": 0.8030887573964497,
    "pred": 0.7628757396449704
  },
  "mantel": {
    "gt": {
      "r": 0.5565991357361068,
      "p": 0.001
    },
    "pred": {
      "r": 0.29512046708092365,
      "p": 0.001
    },
    "combined": {
      "r": 0.6851622026079764,
      "p": 0.001
    }
  }
}