{
  "reducer": "kpca_poly",
  "info": {},
  "trust": {
    "gt": 0.9356686390532545,
    "pred": 0.887905325443787
  },
  "mantel": {
    "gt": {
      "r": 0.7355461436863168,
      "p": 0.001
    },
    "pred": {
      "r": 0.5693977197744895,
      "p": 0.001
    },
    "combined": {
      "r": 0.6326145515370942,
      "p": 0.001
    }
  }
}