{
  "reducer": "kpca_cosine",
  "info": {},
  "trust": {
    "gt": 0.8903313609467456,
    "pred": 0.9225443786982248
  },
  "mantel": {
    "gt": {
      "r": 0.9047484777779435,
      "p": 0.001
    },
    "pred": {
      "r": 0.7942355503268487,
      "p": 0.001
    },
    "combined": {
      "r": 0.8480122762371004,
      "p": 0.001
    }
  }
}