{
  "reducer": "kpca_poly",
  "info": {},
  "trust": {
    "gt": 0.8494201183431953,
    "pred": 0.8564260355029586
  },
  "mantel": {
    "gt": {
      "r": 0.877070092932902,
      "p": 0.001
    },
    "pred": {
      "r": 0.6779481106283071,
      "p": 0.001
    },
    "combined": {
      "r": 0.7187891722986148,
      "p": 0.001
    }
  }
}