{
  "reducer": "kpca_cosine",
  "info": {},
  "trust": {
    "gt": 0.722224852071006,
    "pred": 0.7752307692307692
  },
  "mantel": {
    "gt": {
      "r": 0.4590882525932168,
      "p": 0.001
    },
    "pred": {
      "r": 0.562849070067628,
      "p": 0.001
    },
    "combined": {
      "r": 0.4480524929594751,
      "p": 0.001
    }
  }
}