{
  "reducer": "diffmap",
  "info": {
    "diffmap_evals": [
      0.21324673295021057,
      0.17274260520935059
    ],
    "epsilon": 3.875641897094525
  },
  "trust": {
    "gt": 0.8873136094674556,
    "pred": 0.9682721893491124
  },
  "mantel": {
    "gt": {
      "r": 0.489817660958993,
      "p": 0.001
    },
    "pred": {
      "r": 0.844740640207067,
      "p": 0.001
    },
    "combined": {
      "r": 0.8720642095540222,
      "p": 0.001
    }
  }
}