{
  "reducer": "pca",
  "info": {
    "evr_fit": [
      0.4487231969833374,
      0.23345689475536346
    ],
    "evr_gt": [
      0.14438162744045258,
      0.43957754969596863
    ],
    "evr_pred": [
      0.5488733053207397,
      0.18066386878490448
    ]
  },
  "trust": {
    "gt": 0.8402958579881656,
    "pred": 0.9068639053254438
  },
  "mantel": {
    "gt": {
      "r": 0.3843946170018536,
      "p": 0.001
    },
    "pred": {
      "r": 0.14625483903189945,
      "p": 0.003
    },
    "combined": {
      "r": 0.3167668487736238,
      "p": 0.001
    }
  }
}