{
  "reducer": "kpca_cosine",
  "info": {},
  "trust": {
    "gt": 0.9522721893491124,
    "pred": 0.8887810650887574
  },
  "mantel": {
    "gt": {
      "r": 0.8460634163347811,
      "p": 0.001
    },
    "pred": {
      "r": 0.7021829719647028,
      "p": 0.001
    },
    "combined": {
      "r": 0.6848586862958981,
      "p": 0.001
    }
  }
}