{
  "reducer": "pca",
  "info": {
    "evr_fit": [
      0.5156916975975037,
      0.13861487805843353
    ],
    "evr_gt": [
      0.10061140358448029,
      0.1960262507200241
    ],
    "evr_pred": [
      0.09143300354480743,
      0.2929781675338745
    ]
  },
  "trust": {
    "gt": 0.8261538461538461,
    "pred": 0.7859289940828402
  },
  "mantel": {
    "gt": {
      "r": 0.6415457831411757,
      "p": 0.001
    },
    "pred": {
      "r": 0.6762175431910771,
      "p": 0.001
    },
    "combined": {
      "r": 0.9080074229620329,
      "p": 0.001
    }
  }
}