{
  "reducer": "kpca_rbf",
  "info": {},
  "trust": {
    "gt": 0.8770532544378699,
    "pred": 0.8298934911242604
  },
  "mantel": {
    "gt": {
      "r": 0.7426973968963974,
      "p": 0.001
    },
    "pred": {
      "r": 0.6992477414426171,
      "p": 0.001
    },
    "combined": {
      "r": 0.6177309428074822,
      "p": 0.001
    }
  }
}