{
  "reducer": "diffmap",
  "info": {
    "diffmap_evals": [
      0.21324685215950012,
      0.17274269461631775
    ],
    "epsilon": 3.875639080897159
  },
  "trust": {
    "gt": 0.8873136094674556,
    "pred": 0.9682721893491124
  },
  "mantel": {
    "gt": {
      "r": 0.4898177036126285,
      "p": 0.001
    },
    "pred": {
      "r": 0.8447409085549199,
      "p": 0.001
    },
    "combined": {
      "r": 0.872064247523921,
      "p": 0.001
    }
  }
}