{
  "reducer": "tica",
  "info": {
    "best_lag": 1,
    "vamp2_scores": {
      "1": 8.936267571902636,
      "2": 8.577864245088533,
      "5": 7.981010760189933,
      "10": 7.4537495750194305,
      "20": 6.764142807807992,
      "50": 5.750479873338253
    },
    "values": [
      1.0,
      1.0
    ],
    "timescales": [
      1000022122209.0028,
      1000022122209.0028
    ]
  },
  "trust": {
    "gt": 0.7607218934911243,
    "pred": 0.5676686390532544
  },
  "mantel": {
    "gt": {
      "r": 0.7222902797289743,
      "p": 0.001
    },
    "pred": {
      "r": 0.008502702546888747,
      "p": 0.384
    },
    "combined": {
      "r": 0.06585437640860187,
      "p": 0.019
    }
  }
}