{
  "reducer": "kpca_rbf",
  "info": {},
  "trust": {
    "gt": 0.8627692307692307,
    "pred": 0.7635384615384615
  },
  "mantel": {
    "gt": {
      "r": 0.8134680694903014,
      "p": 0.001
    },
    "pred": {
      "r": 0.31972552831710505,
      "p": 0.001
    },
    "combined": {
      "r": 0.45668814049353884,
      "p": 0.001
    }
  }
}