{
  "reducer": "tica",
  "info": {
    "best_lag": 1,
    "vamp2_scores": {
      "1": 4.045946117412727,
      "2": 3.7293064768723276,
      "5": 3.353749489613989,
      "10": 3.1406575765332483,
      "20": 2.8861501449904434,
      "50": 2.4994397636142613
    },
    "values": [
      1.0,
      1.0
    ],
    "timescales": [
      1000022122209.0028,
      1000022122209.0028
    ]
  },
  "trust": {
    "gt": 0.7924378698224852,
    "pred": 0.6759644970414201
  },
  "mantel": {
    "gt": {
      "r": 0.8257911357635745,
      "p": 0.001
    },
    "pred": {
      "r": 0.293956876618977,
      "p": 0.001
    },
    "combined": {
      "r": 0.6013806390088493,
      "p": 0.001
    }
  }
}