{
  "reducer": "diffmap",
  "info": {
    "diffmap_evals": [
      0.17230363190174103,
      0.03381267189979553
    ],
    "epsilon": 0.558297347656108
  },
  "trust": {
    "gt": 0.8594319526627219,
    "pred": 0.9135976331360947
  },
  "mantel": {
    "gt": {
      "r": 0.8711025654824364,
      "p": 0.001
    },
    "pred": {
      "r": 0.763111717866291,
      "p": 0.001
    },
    "combined": {
      "r": 0.8212872339589826,
      "p": 0.001
    }
  }
}