{
  "reducer": "diffmap",
  "info": {
    "diffmap_evals": [
      0.1526753008365631,
      0.07980463653802872
    ],
    "epsilon": 5.648203890487139
  },
  "trust": {
    "gt": 0.8684615384615384,
    "pred": 0.9369704142011834
  },
  "mantel": {
    "gt": {
      "r": 0.6509117766943107,
      "p": 0.001
    },
    "pred": {
      "r": 0.7775671649854948,
      "p": 0.001
    },
    "combined": {
      "r": 0.7552265157686752,
      "p": 0.001
    }
  }
}