{
  "reducer": "tica",
  "info": {
    "best_lag": 1,
    "vamp2_scores": {
      "1": 6.164624680480765,
      "2": 5.632548082083085,
      "5": 4.9144600998292916,
      "10": 4.32994351121475,
      "20": 3.8050910779522034,
      "50": 3.210694133850598
    },
    "values": [
      1.0,
      1.0
    ],
    "timescales": [
      1000022122209.0028,
      1000022122209.0028
    ]
  },
  "trust": {
    "gt": 0.8951597633136095,
    "pred": 0.7370650887573964
  },
  "mantel": {
    "gt": {
      "r": 0.8208710780321362,
      "p": 0.001
    },
    "pred": {
      "r": 0.3890143169665354,
      "p": 0.001
    },
    "combined": {
      "r": 0.4213050324820506,
      "p": 0.001
    }
  }
}