{
  "reducer": "pca",
  "info": {
    "evr_fit": [
      0.31333357095718384,
      0.17683348059654236
    ],
    "evr_gt": [
      0.04473859444260597,
      0.09322645515203476
    ],
    "evr_pred": [
      0.2255074828863144,
      0.2370123714208603
    ]
  },
  "trust": {
    "gt": 0.7195384615384615,
    "pred": 0.909171597633136
  },
  "mantel": {
    "gt": {
      "r": 0.49124105393199774,
      "p": 0.001
    },
    "pred": {
      "r": 0.6655024090036571,
      "p": 0.001
    },
    "combined": {
      "r": 0.804161972161427,
      "p": 0.001
    }
  }
}