{
  "reducer": "kpca_cosine",
  "info": {},
  "trust": {
    "gt": 0.871396449704142,
    "pred": 0.927396449704142
  },
  "mantel": {
    "gt": {
      "r": 0.8846918446058796,
      "p": 0.001
    },
    "pred": {
      "r": 0.8820594212824175,
      "p": 0.001
    },
    "combined": {
      "r": 0.9074394694732402,
      "p": 0.001
    }
  }
}