{
  "reducer": "diffmap",
  "info": {
    "diffmap_evals": [
      0.12369363754987717,
      0.08405262231826782
    ],
    "epsilon": 9.479172170424363
  },
  "trust": {
    "gt": 0.8465325443786982,
    "pred": 0.9103905325443787
  },
  "mantel": {
    "gt": {
      "r": 0.38613151625167047,
      "p": 0.001
    },
    "pred": {
      "r": 0.15812226845867206,
      "p": 0.001
    },
    "combined": {
      "r": 0.2984694841619667,
      "p": 0.001
    }
  }
}