{
  "reducer": "tica",
  "info": {
    "best_lag": 1,
    "vamp2_scores": {
      "1": 1.1603010269298073,
      "2": 1.1091248483990503,
      "5": 1.059741845965919,
      "10": 1.0346302114660955,
      "20": 1.0154776311477425,
      "50": 1.0030169717176007
    },
    "values": [
      1.0,
      1.0
    ],
    "timescales": [
      1000022122209.0028,
      1000022122209.0028
    ]
  },
  "trust": {
    "gt": 0.7037514792899409,
    "pred": 0.7165562130177514
  },
  "mantel": {
    "gt": {
      "r": 0.6297984244524,
      "p": 0.001
    },
    "pred": {
      "r": 0.6384766875491314,
      "p": 0.001
    },
    "combined": {
      "r": 0.8099696493401292,
      "p": 0.001
    }
  }
}