{
  "reducer": "diffmap",
  "info": {
    "diffmap_evals": [
      0.23945534229278564,
      0.039305705577135086
    ],
    "epsilon": 1.2918612258091002
  },
  "trust": {
    "gt": 0.8987455621301775,
    "pred": 0.8545680473372781
  },
  "mantel": {
    "gt": {
      "r": 0.3401706306171156,
      "p": 0.001
    },
    "pred": {
      "r": 0.4200703719365328,
      "p": 0.001
    },
    "combined": {
      "r": 0.5977496900224728,
      "p": 0.001
    }
  }
}