{
  "reducer": "pca",
  "info": {
    "evr_fit": [
      0.5465631484985352,
      0.1545766294002533
    ],
    "evr_gt": [
      0.5851196050643921,
      0.06865837424993515
    ],
    "evr_pred": [
      0.51127690076828,
      0.015574189834296703
    ]
  },
  "trust": {
    "gt": 0.8955384615384615,
    "pred": 0.8411005917159764
  },
  "mantel": {
    "gt": {
      "r": 0.7582150783352326,
      "p": 0.001
    },
    "pred": {
      "r": 0.5529222180295809,
      "p": 0.001
    },
    "combined": {
      "r": 0.9188606589420394,
      "p": 0.001
    }
  }
}