{
  "reducer": "kpca_poly",
  "info": {},
  "trust": {
    "gt": 0.9000946745562131,
    "pred": 0.9485917159763314
  },
  "mantel": {
    "gt": {
      "r": 0.4915723503072105,
      "p": 0.001
    },
    "pred": {
      "r": 0.5697211157842096,
      "p": 0.001
    },
    "combined": {
      "r": 0.7330963704840238,
      "p": 0.001
    }
  }
}