{
  "reducer": "pca",
  "info": {
    "evr_fit": [
      0.5950042605400085,
      0.10879252105951309
    ],
    "evr_gt": [
      0.23613856732845306,
      0.07261791080236435
    ],
    "evr_pred": [
      0.42587846517562866,
      0.21739459037780762
    ]
  },
  "trust": {
    "gt": 0.7873136094674557,
    "pred": 0.9281656804733728
  },
  "mantel": {
    "gt": {
      "r": 0.7986699038915163,
      "p": 0.001
    },
    "pred": {
      "r": 0.9324044855893732,
      "p": 0.001
    },
    "combined": {
      "r": 0.941762612002883,
      "p": 0.001
    }
  }
}