{
  "reducer": "tica",
  "info": {
    "best_lag": 1,
    "vamp2_scores": {
      "1": 1.364944939126187,
      "2": 1.3180694277792697,
      "5": 1.23439441084329,
      "10": 1.1852865611287227,
      "20": 1.129655786964798,
      "50": 1.0620136561385576
    },
    "values": [
      1.0,
      1.0
    ],
    "timescales": [
      1000022122209.0028,
      1000022122209.0028
    ]
  },
  "trust": {
    "gt": 0.6459644970414201,
    "pred": 0.7301775147928994
  },
  "mantel": {
    "gt": {
      "r": 0.6856502467566382,
      "p": 0.001
    },
    "pred": {
      "r": 0.7196723027495313,
      "p": 0.001
    },
    "combined": {
      "r": 0.8458677519171888,
      "p": 0.001
    }
  }
}