{
  "reducer": "tica",
  "info": {
    "best_lag": 1,
    "vamp2_scores": {
      "1": 6.16462491652277,
      "2": 5.632548247369759,
      "5": 4.914460789653939,
      "10": 4.329943693967937,
      "20": 3.8050909213456894,
      "50": 3.210694308501577
    },
    "values": [
      1.0,
      1.0
    ],
    "timescales": [
      1000022122209.0028,
      1000022122209.0028
    ]
  },
  "trust": {
    "gt": 0.8951597633136095,
    "pred": 0.7370650887573964
  },
  "mantel": {
    "gt": {
      "r": 0.8208707937612958,
      "p": 0.001
    },
    "pred": {
      "r": 0.3890130952138748,
      "p": 0.001
    },
    "combined": {
      "r": 0.4213047831761543,
      "p": 0.001
    }
  }
}