{
  "reducer": "kpca_rbf",
  "info": {},
  "trust": {
    "gt": 0.8686745562130178,
    "pred": 0.857869822485207
  },
  "mantel": {
    "gt": {
      "r": 0.9199674811093594,
      "p": 0.001
    },
    "pred": {
      "r": 0.7247479423486243,
      "p": 0.001
    },
    "combined": {
      "r": 0.7470632917427414,
      "p": 0.001
    }
  }
}