{
  "reducer": "pca",
  "info": {
    "evr_fit": [
      0.48510873317718506,
      0.3428804576396942
    ],
    "evr_gt": [
      0.21084052324295044,
      0.3638187050819397
    ],
    "evr_pred": [
      0.23878739774227142,
      0.5415029525756836
    ]
  },
  "trust": {
    "gt": 0.8679526627218935,
    "pred": 0.9490650887573965
  },
  "mantel": {
    "gt": {
      "r": 0.66566250898666,
      "p": 0.001
    },
    "pred": {
      "r": 0.8670867524397596,
      "p": 0.001
    },
    "combined": {
      "r": 0.9097540553792566,
      "p": 0.001
    }
  }
}