{
  "reducer": "diffmap",
  "info": {
    "diffmap_evals": [
      0.11481320112943649,
      0.05263941362500191
    ],
    "epsilon": 9.267532164512943
  },
  "trust": {
    "gt": 0.8264615384615385,
    "pred": 0.9137988165680473
  },
  "mantel": {
    "gt": {
      "r": 0.5832245879914826,
      "p": 0.001
    },
    "pred": {
      "r": 0.29897102262019865,
      "p": 0.001
    },
    "combined": {
      "r": 0.5128659961454992,
      "p": 0.001
    }
  }
}