{
  "reducer": "diffmap",
  "info": {
    "diffmap_evals": [
      0.08974389731884003,
      0.0572529137134552
    ],
    "epsilon": 5.104469857615413
  },
  "trust": {
    "gt": 0.7188520710059172,
    "pred": 0.9082248520710059
  },
  "mantel": {
    "gt": {
      "r": 0.4802735862383462,
      "p": 0.001
    },
    "pred": {
      "r": 0.6826689716847731,
      "p": 0.001
    },
    "combined": {
      "r": 0.8040304340525835,
      "p": 0.001
    }
  }
}