TCR_name,minimization_mode,total_score,tcr_chains,pmhc_chains,peptide_chain,mhc_only_chains,partners_tcr_pmhc,partners_pep_mhc,interface_dG_tcr_pmhc,dG_separated_tcr_pmhc,delta_sasa_tcr_pmhc,interface_dG_pep_mhc,dG_separated_pep_mhc,delta_sasa_pep_mhc,dE_binding_tcr_pmhc,openmm_energy
Binding_donor3_row1_cand000002,openmm,-278.0161227157547,AB,MP,P,M,MP_AB,M_P,-45.89288070610249,-45.89288070610249,1966.5755965856163,-70.40376984075034,-70.40376984075034,2212.037965669303,-45.892880706291976,-58570.37620288205 kJ/mol
Binding_donor3_row0_cand000003,openmm,255.6350458970928,AB,MP,P,M,MP_AB,M_P,355.43094928895516,355.43094928895516,2462.4097752844345,-63.06239788755285,-63.06239788755285,1910.3196787142006,355.43094928872387,-48497.77913288705 kJ/mol
Binding_donor4_row2_cand000001,openmm,-348.3743043220642,AB,MP,P,M,MP_AB,M_P,-31.58432791223896,-31.58432791223896,2015.5366587452068,-76.36232051720143,-76.36232051720143,2104.2521479890606,-31.58432791235566,-58238.63518613889 kJ/mol
