{
  "reducer": "tica",
  "info": {
    "best_lag": 1,
    "vamp2_scores": {
      "1": 2.550811594001132,
      "2": 2.38716263213771,
      "5": 2.0793996644289123,
      "10": 1.8947838895487972,
      "20": 1.6999174489915432,
      "50": 1.4592673835471475
    },
    "values": [
      1.0,
      1.0
    ],
    "timescales": [
      1000022122209.0028,
      1000022122209.0028
    ]
  },
  "trust": {
    "gt": 0.6729467455621302,
    "pred": 0.8454437869822485
  },
  "mantel": {
    "gt": {
      "r": 0.6090660366866113,
      "p": 0.001
    },
    "pred": {
      "r": 0.6068328210254978,
      "p": 0.001
    },
    "combined": {
      "r": 0.6346422614659879,
      "p": 0.001
    }
  }
}