{
  "reducer": "tica",
  "info": {
    "best_lag": 1,
    "vamp2_scores": {
      "1": 2.0203988421169785,
      "2": 1.8786779560135392,
      "5": 1.656830338371351,
      "10": 1.4738220031550502,
      "20": 1.2753035438433256,
      "50": 1.069806498154198
    },
    "values": [
      1.0,
      1.0
    ],
    "timescales": [
      1000022122209.0028,
      1000022122209.0028
    ]
  },
  "trust": {
    "gt": 0.7517396449704142,
    "pred": 0.7886390532544378
  },
  "mantel": {
    "gt": {
      "r": 0.7462055508548497,
      "p": 0.001
    },
    "pred": {
      "r": 0.43845370696464414,
      "p": 0.001
    },
    "combined": {
      "r": 0.5536292983039448,
      "p": 0.001
    }
  }
}