{
  "reducer": "kpca_rbf",
  "info": {},
  "trust": {
    "gt": 0.81301775147929,
    "pred": 0.7454201183431952
  },
  "mantel": {
    "gt": {
      "r": 0.5078128861516691,
      "p": 0.001
    },
    "pred": {
      "r": 0.17563322189500966,
      "p": 0.001
    },
    "combined": {
      "r": 0.4052152826884831,
      "p": 0.001
    }
  }
}