{
  "reducer": "kpca_poly",
  "info": {},
  "trust": {
    "gt": 0.8578343195266273,
    "pred": 0.908414201183432
  },
  "mantel": {
    "gt": {
      "r": 0.6506267900014823,
      "p": 0.001
    },
    "pred": {
      "r": 0.7280359301998162,
      "p": 0.001
    },
    "combined": {
      "r": 0.6787400475621255,
      "p": 0.001
    }
  }
}