{
  "reducer": "tica",
  "info": {
    "best_lag": 1,
    "vamp2_scores": {
      "1": 1.0081783269933673,
      "2": 1.0035557396841652,
      "5": 1.0012665604217692,
      "10": 1.0003230414944315,
      "20": 1.0000656006806696,
      "50": 1.0000093122298446
    },
    "values": [
      1.0,
      1.0
    ],
    "timescales": [
      1000022122209.0028,
      1000022122209.0028
    ]
  },
  "trust": {
    "gt": 0.6698934911242603,
    "pred": 0.6956686390532545
  },
  "mantel": {
    "gt": {
      "r": 0.7185164957496897,
      "p": 0.001
    },
    "pred": {
      "r": 0.7647997776991025,
      "p": 0.001
    },
    "combined": {
      "r": 0.855187837838172,
      "p": 0.001
    }
  }
}