TCR_name,minimization_mode,total_score,tcr_chains,pmhc_chains,peptide_chain,mhc_only_chains,partners_tcr_pmhc,partners_pep_mhc,interface_dG_tcr_pmhc,dG_separated_tcr_pmhc,delta_sasa_tcr_pmhc,interface_dG_pep_mhc,dG_separated_pep_mhc,delta_sasa_pep_mhc,dE_binding_tcr_pmhc,openmm_energy
Binding_donor1_row1_cand000002,openmm,-211.9040648278396,AB,MP,P,M,MP_AB,M_P,-40.57757443511605,-40.57757443511605,1954.5555140271313,-69.1627064730659,-69.1627064730659,1916.891696620038,-40.577574434778995,-53421.05731415994 kJ/mol
Binding_donor1_row2_cand000003,openmm,-140.2716887009072,AB,MP,P,M,MP_AB,M_P,-37.88237458101813,-37.88237458101813,1677.62968339574,-62.46708312979249,-62.46708312979249,1991.4583989084301,-37.88237458123453,-52703.24230197097 kJ/mol
Binding_donor3_row4_cand000005,openmm,-103.04728959343984,AB,MP,P,M,MP_AB,M_P,-28.47097786373945,-28.47097786373945,1547.3807878676494,-65.50684336365129,-65.50684336365129,1778.5422703693264,-28.47097786407906,-52911.298428082606 kJ/mol
Binding_donor3_row3_cand000004,openmm,697.164800079786,AB,MP,P,M,MP_AB,M_P,303.2875167533498,303.2875167533498,2263.6631449412507,-61.63390493368841,-61.63390493368841,1826.3070062894112,303.28751675343557,-35027.230213364695 kJ/mol
Binding_donor3_row6_cand000007,openmm,-239.18037823781532,AB,MP,P,M,MP_AB,M_P,-59.51721434411729,-59.51721434411729,2090.372358934934,-57.00376620632525,-57.00376620632525,1954.1443454834364,-59.51721434372345,-55494.04411832707 kJ/mol
