TCR_name,minimization_mode,total_score,tcr_chains,pmhc_chains,peptide_chain,mhc_only_chains,partners_tcr_pmhc,partners_pep_mhc,interface_dG_tcr_pmhc,dG_separated_tcr_pmhc,delta_sasa_tcr_pmhc,interface_dG_pep_mhc,dG_separated_pep_mhc,delta_sasa_pep_mhc,dE_binding_tcr_pmhc
Binding_donor3_row3_cand000004,rosetta_sidechain,2441.6321007946667,AB,MP,P,M,MP_AB,M_P,-0.1533065546459511,-0.1533065546459511,56.06898147299815,0.0,0.0,0.0,-0.15330655432626372
Binding_donor1_row2_cand000003,rosetta_sidechain,8792.68034164919,AB,MP,P,M,MP_AB,M_P,4286.598607756201,4286.598607756201,1375.1939342487472,867.350733362806,867.350733362806,166.32506060632412,4286.598607756203
Binding_donor3_row4_cand000005,rosetta_sidechain,6958.547058100807,AB,MP,P,M,MP_AB,M_P,3.3881086528126616,3.3881086528126616,107.5321554052667,5199.238394744159,5199.238394744159,638.2250273092973,3.388108652678966
Binding_donor1_row1_cand000002,rosetta_sidechain,29811.73870767786,AB,MP,P,M,MP_AB,M_P,90.59604374285482,90.59604374285482,447.9189876401933,-2.03283519441311,-2.03283519441311,128.27876011142104,90.59604374287665
Binding_donor3_row6_cand000007,rosetta_sidechain,5775.043582073334,AB,MP,P,M,MP_AB,M_P,0.0,0.0,0.0,2100.289886771919,2100.289886771919,592.6479646438511,-0.07628679527351778
