{
  "reducer": "kpca_rbf",
  "info": {},
  "trust": {
    "gt": 0.8491834319526628,
    "pred": 0.7729230769230769
  },
  "mantel": {
    "gt": {
      "r": 0.8596386872135618,
      "p": 0.001
    },
    "pred": {
      "r": 0.5627658743017477,
      "p": 0.001
    },
    "combined": {
      "r": 0.5092464298311443,
      "p": 0.001
    }
  }
}