{
  "reducer": "diffmap",
  "info": {
    "diffmap_evals": [
      0.1176791712641716,
      0.06922248005867004
    ],
    "epsilon": 0.08249680139735815
  },
  "trust": {
    "gt": 0.7946035502958579,
    "pred": 0.9158816568047338
  },
  "mantel": {
    "gt": {
      "r": 0.7521297501596639,
      "p": 0.001
    },
    "pred": {
      "r": 0.8792631196221494,
      "p": 0.001
    },
    "combined": {
      "r": 0.9328234276209493,
      "p": 0.001
    }
  }
}