{
  "reducer": "kpca_poly",
  "info": {},
  "trust": {
    "gt": 0.8645562130177515,
    "pred": 0.931905325443787
  },
  "mantel": {
    "gt": {
      "r": 0.6437649748444116,
      "p": 0.001
    },
    "pred": {
      "r": 0.8297067325138222,
      "p": 0.001
    },
    "combined": {
      "r": 0.8671911595011386,
      "p": 0.001
    }
  }
}