{
  "reducer": "tica",
  "info": {
    "best_lag": 1,
    "vamp2_scores": {
      "1": 3.9721454177460753,
      "2": 3.667869477759805,
      "5": 3.307087021037229,
      "10": 3.0851469328479104,
      "20": 2.8597481612462046,
      "50": 2.5151384540317494
    },
    "values": [
      1.0,
      1.0
    ],
    "timescales": [
      1000022122209.0028,
      1000022122209.0028
    ]
  },
  "trust": {
    "gt": 0.8562958579881657,
    "pred": 0.7750532544378699
  },
  "mantel": {
    "gt": {
      "r": 0.9196555218116225,
      "p": 0.001
    },
    "pred": {
      "r": 0.4927004880232657,
      "p": 0.001
    },
    "combined": {
      "r": 0.7774362569661508,
      "p": 0.001
    }
  }
}