{
  "reducer": "tica",
  "info": {
    "best_lag": 1,
    "vamp2_scores": {
      "1": 5.628784311299587,
      "2": 4.939032681163283,
      "5": 4.071175861873975,
      "10": 3.49903841173171,
      "20": 3.0113849258435783,
      "50": 2.578314416228496
    },
    "values": [
      1.0,
      1.0
    ],
    "timescales": [
      1000022122209.0028,
      1000022122209.0028
    ]
  },
  "trust": {
    "gt": 0.825207100591716,
    "pred": 0.7067455621301775
  },
  "mantel": {
    "gt": {
      "r": 0.7551194965386554,
      "p": 0.001
    },
    "pred": {
      "r": 0.325223434737199,
      "p": 0.001
    },
    "combined": {
      "r": 0.29367874467865457,
      "p": 0.001
    }
  }
}