{
  "reducer": "tica",
  "info": {
    "best_lag": 2,
    "vamp2_scores": {
      "1": 11.000000003911662,
      "2": 11.00000000507698,
      "5": 11.000000004260322,
      "10": 11.000000004117052,
      "20": 11.00000000370807,
      "50": 11.000000003886122
    },
    "values": [
      1.0,
      1.0
    ],
    "timescales": [
      2000044244418.0056,
      2000044244418.0056
    ]
  },
  "trust": {
    "gt": 0.8112662721893491,
    "pred": 0.7245207100591716
  },
  "mantel": {
    "gt": {
      "r": 0.8027759601489032,
      "p": 0.001
    },
    "pred": {
      "r": 0.3521913845583975,
      "p": 0.001
    },
    "combined": {
      "r": 0.5658664018282401,
      "p": 0.001
    }
  }
}