{
  "reducer": "kpca_cosine",
  "info": {},
  "trust": {
    "gt": 0.899621301775148,
    "pred": 0.8325562130177515
  },
  "mantel": {
    "gt": {
      "r": 0.7999449229709391,
      "p": 0.001
    },
    "pred": {
      "r": 0.6287802283909533,
      "p": 0.001
    },
    "combined": {
      "r": 0.5393618568547048,
      "p": 0.001
    }
  }
}