,PC1_loading,PC2_loading
BA,0.2687576821584892,-0.4737402581025077
BC1,0.5789021709375409,0.06711087767715856
AC1,0.3810671353736293,0.6414348378459155
BC2,-0.034848255227441186,-0.3910724612623874
AC2,-0.4084323992846752,0.4536601197410382
dc,0.5285811171664213,0.029706439481715904
