{
  "reducer": "pca",
  "info": {
    "evr_fit": [
      0.17856982350349426,
      0.13420678675174713
    ],
    "evr_gt": [
      0.23401865363121033,
      0.08657339215278625
    ],
    "evr_pred": [
      0.034981049597263336,
      0.17358152568340302
    ]
  },
  "trust": {
    "gt": 0.8816923076923077,
    "pred": 0.8050887573964497
  },
  "mantel": {
    "gt": {
      "r": 0.6686444179029285,
      "p": 0.001
    },
    "pred": {
      "r": 0.5668116760752678,
      "p": 0.001
    },
    "combined": {
      "r": 0.36262334688930875,
      "p": 0.001
    }
  }
}