{
  "reducer": "kpca_cosine",
  "info": {},
  "trust": {
    "gt": 0.8577041420118343,
    "pred": 0.9175384615384615
  },
  "mantel": {
    "gt": {
      "r": 0.6708175974230167,
      "p": 0.001
    },
    "pred": {
      "r": 0.7716943767285602,
      "p": 0.001
    },
    "combined": {
      "r": 0.8568293825772546,
      "p": 0.001
    }
  }
}