{
  "reducer": "tica",
  "info": {
    "best_lag": 1,
    "vamp2_scores": {
      "1": 2.5508116494371804,
      "2": 2.3871627614356044,
      "5": 2.079399656358306,
      "10": 1.8947839088076868,
      "20": 1.6999174491918985,
      "50": 1.4592673713997633
    },
    "values": [
      1.0,
      1.0
    ],
    "timescales": [
      1000022122209.0028,
      1000022122209.0028
    ]
  },
  "trust": {
    "gt": 0.6729585798816569,
    "pred": 0.8454437869822485
  },
  "mantel": {
    "gt": {
      "r": 0.60906889810207,
      "p": 0.001
    },
    "pred": {
      "r": 0.6068319421001943,
      "p": 0.001
    },
    "combined": {
      "r": 0.6346423119561783,
      "p": 0.001
    }
  }
}