{
  "reducer": "pca",
  "info": {
    "evr_fit": [
      0.4829525351524353,
      0.3234257698059082
    ],
    "evr_gt": [
      0.611283004283905,
      0.23643885552883148
    ],
    "evr_pred": [
      0.40377697348594666,
      0.3572583794593811
    ]
  },
  "trust": {
    "gt": 0.974887573964497,
    "pred": 0.9532662721893491
  },
  "mantel": {
    "gt": {
      "r": 0.1364359291754557,
      "p": 0.01
    },
    "pred": {
      "r": 0.08249949648772162,
      "p": 0.057
    },
    "combined": {
      "r": 0.2891830544763882,
      "p": 0.001
    }
  }
}