{
  "reducer": "diffmap",
  "info": {
    "diffmap_evals": [
      0.17550255358219147,
      0.128341943025589
    ],
    "epsilon": 2.148144139346414
  },
  "trust": {
    "gt": 0.9837988165680474,
    "pred": 0.9750532544378698
  },
  "mantel": {
    "gt": {
      "r": 0.15969864951458268,
      "p": 0.002
    },
    "pred": {
      "r": 0.07516601835131437,
      "p": 0.088
    },
    "combined": {
      "r": 0.31279792424312947,
      "p": 0.001
    }
  }
}