{
  "reducer": "pca",
  "info": {
    "evr_fit": [
      0.3690800368785858,
      0.11266995221376419
    ],
    "evr_gt": [
      0.27825304865837097,
      0.1364317238330841
    ],
    "evr_pred": [
      0.06588015705347061,
      0.1435365378856659
    ]
  },
  "trust": {
    "gt": 0.8182721893491124,
    "pred": 0.8123786982248521
  },
  "mantel": {
    "gt": {
      "r": 0.83505359418599,
      "p": 0.001
    },
    "pred": {
      "r": 0.6169589882694656,
      "p": 0.001
    },
    "combined": {
      "r": 0.7609835058170187,
      "p": 0.001
    }
  }
}