{
  "reducer": "kpca_poly",
  "info": {},
  "trust": {
    "gt": 0.9173136094674557,
    "pred": 0.8858224852071006
  },
  "mantel": {
    "gt": {
      "r": 0.3886275124127913,
      "p": 0.001
    },
    "pred": {
      "r": 0.37115432343454874,
      "p": 0.001
    },
    "combined": {
      "r": 0.6350421356578214,
      "p": 0.001
    }
  }
}