{
  "reducer": "tica",
  "info": {
    "best_lag": 1,
    "vamp2_scores": {
      "1": 2.0084514798422815,
      "2": 1.957756056334566,
      "5": 1.8627487663697821,
      "10": 1.754951557792607,
      "20": 1.5310637696170948,
      "50": 1.1836848582044157
    },
    "values": [
      1.0,
      1.0
    ],
    "timescales": [
      1000022122209.0028,
      1000022122209.0028
    ]
  },
  "trust": {
    "gt": 0.7053846153846154,
    "pred": 0.7324733727810651
  },
  "mantel": {
    "gt": {
      "r": 0.5877807182391553,
      "p": 0.001
    },
    "pred": {
      "r": 0.253735466317745,
      "p": 0.001
    },
    "combined": {
      "r": 0.4929171807638818,
      "p": 0.001
    }
  }
}