{
  "reducer": "kpca_rbf",
  "info": {},
  "trust": {
    "gt": 0.9106745562130177,
    "pred": 0.735621301775148
  },
  "mantel": {
    "gt": {
      "r": 0.2949754703870927,
      "p": 0.001
    },
    "pred": {
      "r": 0.07068633276397822,
      "p": 0.052
    },
    "combined": {
      "r": -0.005766567751884177,
      "p": 0.555
    }
  }
}