{
  "reducer": "kpca_cosine",
  "info": {},
  "trust": {
    "gt": 0.8733609467455621,
    "pred": 0.9141775147928994
  },
  "mantel": {
    "gt": {
      "r": 0.06035889441598236,
      "p": 0.085
    },
    "pred": {
      "r": 0.07714643046015632,
      "p": 0.069
    },
    "combined": {
      "r": 0.23955905751804124,
      "p": 0.001
    }
  }
}