{
  "reducer": "pca",
  "info": {
    "evr_fit": [
      0.2845943868160248,
      0.19846013188362122
    ],
    "evr_gt": [
      0.1420840620994568,
      0.08527245372533798
    ],
    "evr_pred": [
      0.23084475100040436,
      0.21799466013908386
    ]
  },
  "trust": {
    "gt": 0.7626390532544378,
    "pred": 0.9012071005917159
  },
  "mantel": {
    "gt": {
      "r": 0.5234712382860749,
      "p": 0.001
    },
    "pred": {
      "r": 0.6997449303584132,
      "p": 0.001
    },
    "combined": {
      "r": 0.7458939006058063,
      "p": 0.001
    }
  }
}