{
  "reducer": "diffmap",
  "info": {
    "diffmap_evals": [
      0.09770725667476654,
      0.09160922467708588
    ],
    "epsilon": 0.4925742587843729
  },
  "trust": {
    "gt": 0.872698224852071,
    "pred": 0.8950414201183432
  },
  "mantel": {
    "gt": {
      "r": 0.328952779344587,
      "p": 0.001
    },
    "pred": {
      "r": 0.4492430161769684,
      "p": 0.001
    },
    "combined": {
      "r": 0.6199482206165313,
      "p": 0.001
    }
  }
}