{
  "reducer": "kpca_cosine",
  "info": {},
  "trust": {
    "gt": 0.9092781065088757,
    "pred": 0.729112426035503
  },
  "mantel": {
    "gt": {
      "r": 0.2977796714771264,
      "p": 0.001
    },
    "pred": {
      "r": 0.1045535782764616,
      "p": 0.019
    },
    "combined": {
      "r": 0.029001548760048113,
      "p": 0.121
    }
  }
}