{
  "reducer": "kpca_cosine",
  "info": {},
  "trust": {
    "gt": 0.9485207100591716,
    "pred": 0.9568875739644971
  },
  "mantel": {
    "gt": {
      "r": 0.19729115866079303,
      "p": 0.001
    },
    "pred": {
      "r": 0.07306313674019818,
      "p": 0.097
    },
    "combined": {
      "r": 0.3137812984141507,
      "p": 0.001
    }
  }
}