{
  "reducer": "kpca_rbf",
  "info": {},
  "trust": {
    "gt": 0.902508875739645,
    "pred": 0.6081183431952663
  },
  "mantel": {
    "gt": {
      "r": 0.6120081110794675,
      "p": 0.001
    },
    "pred": {
      "r": 0.05824480848117247,
      "p": 0.065
    },
    "combined": {
      "r": -0.08386534044885206,
      "p": 0.996
    }
  }
}