{
  "reducer": "kpca_cosine",
  "info": {},
  "trust": {
    "gt": 0.7208402366863905,
    "pred": 0.7757396449704141
  },
  "mantel": {
    "gt": {
      "r": 0.45897783138303283,
      "p": 0.001
    },
    "pred": {
      "r": 0.5626070815530372,
      "p": 0.001
    },
    "combined": {
      "r": 0.4491037854904374,
      "p": 0.001
    }
  }
}