{
  "reducer": "pca",
  "info": {
    "evr_fit": [
      0.5963274240493774,
      0.30478695034980774
    ],
    "evr_gt": [
      0.22349272668361664,
      0.6412301659584045
    ],
    "evr_pred": [
      0.7213654518127441,
      0.21055921912193298
    ]
  },
  "trust": {
    "gt": 0.9644615384615385,
    "pred": 0.9686863905325444
  },
  "mantel": {
    "gt": {
      "r": 0.043038988180351574,
      "p": 0.165
    },
    "pred": {
      "r": 0.06247210671954588,
      "p": 0.127
    },
    "combined": {
      "r": 0.250041224989039,
      "p": 0.001
    }
  }
}