{
  "reducer": "kpca_cosine",
  "info": {},
  "trust": {
    "gt": 0.9673136094674556,
    "pred": 0.8976923076923077
  },
  "mantel": {
    "gt": {
      "r": 0.8497437137849153,
      "p": 0.001
    },
    "pred": {
      "r": 0.6889463311292844,
      "p": 0.001
    },
    "combined": {
      "r": 0.7040904658404625,
      "p": 0.001
    }
  }
}