TCR_name,minimization_mode,total_score,tcr_chains,pmhc_chains,peptide_chain,mhc_only_chains,partners_tcr_pmhc,partners_pep_mhc,interface_dG_tcr_pmhc,dG_separated_tcr_pmhc,delta_sasa_tcr_pmhc,interface_dG_pep_mhc,dG_separated_pep_mhc,delta_sasa_pep_mhc,dE_binding_tcr_pmhc,openmm_energy
Binding_donor1_row1_cand000002,openmm,80.81113949852703,AB,MP,P,M,MP_AB,M_P,246.33847129346123,246.33847129346123,2514.4377222486105,-58.944953820394105,-58.944953820394105,1782.2343631400522,246.3384712935919,-46575.16705788005 kJ/mol
Binding_donor1_row2_cand000003,openmm,103.86339895083073,AB,MP,P,M,MP_AB,M_P,298.8100697293638,298.8100697293638,2166.815010916539,-47.54964310602329,-47.54964310602329,1737.4875729923267,298.81006972950155,-43602.2309867391 kJ/mol
Binding_donor2_row3_cand000004,openmm,-134.37657773411166,AB,MP,P,M,MP_AB,M_P,-35.3687134061057,-35.3687134061057,2180.6579231028268,-51.27958563318248,-51.27958563318248,1806.9681143447456,-35.36871340613342,-59652.585624378706 kJ/mol
Binding_donor2_row4_cand000005,openmm,3887.527035678047,AB,MP,P,M,MP_AB,M_P,-30.891087048793906,-30.891087048793906,1806.2381168103152,-22.512291802829168,-22.512291802829168,1379.1460190218684,-30.891087049259568,-22502.05492548056 kJ/mol
Binding_donor3_row6_cand000007,openmm,-258.54157860568796,AB,MP,P,M,MP_AB,M_P,-39.69990684597312,-39.69990684597312,1920.9576001314463,-60.586478228961994,-60.586478228961994,1842.8532318045454,-39.69990684625719,-53350.74992942645 kJ/mol
Binding_donor3_row5_cand000006,openmm,-192.2714560120241,AB,MP,P,M,MP_AB,M_P,-51.95922173839159,-51.95922173839159,2315.2149583284645,-64.74947731608945,-64.74947731608945,1817.2695595532634,-51.95922173862817,-55844.78677295172 kJ/mol
