TCR_name,minimization_mode,total_score,tcr_chains,pmhc_chains,peptide_chain,mhc_only_chains,partners_tcr_pmhc,partners_pep_mhc,interface_dG_tcr_pmhc,dG_separated_tcr_pmhc,delta_sasa_tcr_pmhc,interface_dG_pep_mhc,dG_separated_pep_mhc,delta_sasa_pep_mhc,dE_binding_tcr_pmhc
Binding_donor1_row2_cand000003,rosetta_sidechain,8221.28184043083,AB,MP,P,M,MP_AB,M_P,6006.0271404638825,6006.0271404638825,929.3014134964593,-0.4777661488105309,-0.4777661488105309,71.26219672391117,6006.027140464133
Binding_donor2_row3_cand000004,rosetta_sidechain,957.7110940730227,AB,MP,P,M,MP_AB,M_P,-3.2318220458156475,-3.2318220458156475,928.9330326690051,-29.610842943942657,-29.610842943942657,1738.6633043466586,-3.2318220458399765
Binding_donor1_row1_cand000002,rosetta_sidechain,118861.04910265838,AB,MP,P,M,MP_AB,M_P,72887.52031692286,72887.52031692286,3066.5218536713137,6230.101375499529,6230.101375499529,963.3394373733456,72887.52031692292
Binding_donor2_row4_cand000005,rosetta_sidechain,85538.57195174918,AB,MP,P,M,MP_AB,M_P,2336.127821232745,2336.127821232745,489.5244411159521,0.0,0.0,0.0,2336.127821232745
Binding_donor3_row5_cand000006,rosetta_sidechain,27210.770365375254,AB,MP,P,M,MP_AB,M_P,-1.4694273849418096,-1.4694273849418096,231.10418916009834,5106.47564394328,5106.47564394328,984.9520279122262,-1.469427384679875
Binding_donor3_row6_cand000007,rosetta_sidechain,14969.02814402237,AB,MP,P,M,MP_AB,M_P,5282.783473151387,5282.783473151387,956.1001994870184,5047.097330286129,5047.097330286129,1116.4432798299624,5282.783473151378
