{
  "reducer": "pca",
  "info": {
    "evr_fit": [
      0.5268710255622864,
      0.15449309349060059
    ],
    "evr_gt": [
      0.5674405694007874,
      0.13376738131046295
    ],
    "evr_pred": [
      0.015053520910441875,
      0.5852273106575012
    ]
  },
  "trust": {
    "gt": 0.9695384615384616,
    "pred": 0.8246627218934911
  },
  "mantel": {
    "gt": {
      "r": 0.804721460259971,
      "p": 0.001
    },
    "pred": {
      "r": 0.6686053394137155,
      "p": 0.001
    },
    "combined": {
      "r": 0.8200476285558205,
      "p": 0.001
    }
  }
}