{
  "reducer": "diffmap",
  "info": {
    "diffmap_evals": [
      0.07982499897480011,
      0.05830737203359604
    ],
    "epsilon": 556.3556517020479
  },
  "trust": {
    "gt": 0.8470414201183432,
    "pred": 0.9088994082840237
  },
  "mantel": {
    "gt": {
      "r": 0.7302890844445159,
      "p": 0.001
    },
    "pred": {
      "r": 0.7696358411507825,
      "p": 0.001
    },
    "combined": {
      "r": 0.8678163740841354,
      "p": 0.001
    }
  }
}