{
  "reducer": "kpca_cosine",
  "info": {},
  "trust": {
    "gt": 0.7886863905325444,
    "pred": 0.912923076923077
  },
  "mantel": {
    "gt": {
      "r": 0.4440377283943791,
      "p": 0.001
    },
    "pred": {
      "r": 0.765526428896239,
      "p": 0.001
    },
    "combined": {
      "r": 0.8174180077181725,
      "p": 0.001
    }
  }
}