{
  "reducer": "kpca_poly",
  "info": {},
  "trust": {
    "gt": 0.8645562130177515,
    "pred": 0.931905325443787
  },
  "mantel": {
    "gt": {
      "r": 0.6437660975414373,
      "p": 0.001
    },
    "pred": {
      "r": 0.8297058858674577,
      "p": 0.001
    },
    "combined": {
      "r": 0.8671910632384338,
      "p": 0.001
    }
  }
}