{
  "reducer": "kpca_poly",
  "info": {},
  "trust": {
    "gt": 0.8473846153846154,
    "pred": 0.7426153846153847
  },
  "mantel": {
    "gt": {
      "r": 0.7733324389839842,
      "p": 0.001
    },
    "pred": {
      "r": 0.3974589666833412,
      "p": 0.001
    },
    "combined": {
      "r": 0.42478531124851127,
      "p": 0.001
    }
  }
}