{
  "reducer": "kpca_rbf",
  "info": {},
  "trust": {
    "gt": 0.872698224852071,
    "pred": 0.7845562130177515
  },
  "mantel": {
    "gt": {
      "r": 0.6716237729883724,
      "p": 0.001
    },
    "pred": {
      "r": 0.25093804866684843,
      "p": 0.001
    },
    "combined": {
      "r": 0.22131999413856376,
      "p": 0.001
    }
  }
}