{
  "reducer": "diffmap",
  "info": {
    "diffmap_evals": [
      0.32659825682640076,
      0.16732031106948853
    ],
    "epsilon": 1.3254235098704612
  },
  "trust": {
    "gt": 0.8766153846153846,
    "pred": 0.8702485207100592
  },
  "mantel": {
    "gt": {
      "r": 0.007767748659887789,
      "p": 0.413
    },
    "pred": {
      "r": -0.017132629037955757,
      "p": 0.603
    },
    "combined": {
      "r": 0.2468331533196505,
      "p": 0.001
    }
  }
}