{
  "reducer": "diffmap",
  "info": {
    "diffmap_evals": [
      0.12866684794425964,
      0.04338698461651802
    ],
    "epsilon": 728.9120433636854
  },
  "trust": {
    "gt": 0.9262011834319527,
    "pred": 0.9367573964497041
  },
  "mantel": {
    "gt": {
      "r": 0.7383895869403706,
      "p": 0.001
    },
    "pred": {
      "r": 0.8324232639997109,
      "p": 0.001
    },
    "combined": {
      "r": 0.7774548163751386,
      "p": 0.001
    }
  }
}