{
  "reducer": "kpca_poly",
  "info": {},
  "trust": {
    "gt": 0.8775147928994083,
    "pred": 0.7705443786982249
  },
  "mantel": {
    "gt": {
      "r": 0.6832559916384899,
      "p": 0.001
    },
    "pred": {
      "r": 0.2320411747575638,
      "p": 0.001
    },
    "combined": {
      "r": 0.244554375718043,
      "p": 0.001
    }
  }
}