{
  "reducer": "kpca_poly",
  "info": {},
  "trust": {
    "gt": 0.885396449704142,
    "pred": 0.8139881656804734
  },
  "mantel": {
    "gt": {
      "r": 0.6525538394484286,
      "p": 0.001
    },
    "pred": {
      "r": 0.46866670247051007,
      "p": 0.001
    },
    "combined": {
      "r": 0.42163800244985544,
      "p": 0.001
    }
  }
}