state,label_col,encoding,n_samples,n_classes,F_obs,p_perm_F,cv_macro_f1,cv_bal_acc,cv_mcc,perm_p_macro_f1,pca_var_PC1,pca_var_PC2
unbound,germline_vj_pair,zscore_raw_deg,285,24,26.006326597197084,0.002,0.7953137165567754,0.8408542846042847,0.787656653836988,0.008264462809917356,,
unbound,germline_vj_pair,sincos,285,24,19.272417919168614,0.002,0.8846670883733623,0.9073832417582418,0.8748071540497709,0.008264462809917356,,
unbound,germline_vj_pair,zscore_sincos,285,24,43.17602521040769,0.002,0.8846670883733623,0.9073832417582418,0.8748071540497709,0.008264462809917356,,
unbound,germline_vj_pair,pca_raw__fit_within_state,285,24,26.249479107508403,0.002,0.7438868256799621,0.8050751332001331,0.7300721239438878,0.008264462809917356,0.2873570220837725,0.2317252009638202
unbound,germline_vj_pair,pca_sincos__fit_within_state,285,24,53.643127604535636,0.002,0.8243549953241983,0.8555028305028305,0.8198266441154715,0.008264462809917356,0.33553399585412974,0.23810459731680844
unbound,germline_vj_pair,randproj_sincos,285,24,67.6357580921811,0.002,0.7466602666602213,0.8221816378066378,0.73238800570113,0.008264462809917356,,
unbound,germline_vj_pair,kernel_pca_rbf_sincos,285,24,57.54692892198491,0.002,0.7561138642480473,0.7950011793761794,0.7756088364038586,0.008264462809917356,,
unbound,germline_vj_pair,raw_deg,285,24,2.2503166897001647,0.034,0.7953137165567754,0.8408542846042847,0.787656653836988,0.008264462809917356,,
