{
  "reducer": "pca",
  "info": {
    "evr_fit": [
      0.17856980860233307,
      0.13420677185058594
    ],
    "evr_gt": [
      0.2340187281370163,
      0.08657336980104446
    ],
    "evr_pred": [
      0.03498105704784393,
      0.17358152568340302
    ]
  },
  "trust": {
    "gt": 0.8816923076923077,
    "pred": 0.8050887573964497
  },
  "mantel": {
    "gt": {
      "r": 0.6686441460526449,
      "p": 0.001
    },
    "pred": {
      "r": 0.5668117712896299,
      "p": 0.001
    },
    "combined": {
      "r": 0.3626233159242433,
      "p": 0.001
    }
  }
}