{
  "reducer": "kpca_poly",
  "info": {},
  "trust": {
    "gt": 0.8690295857988166,
    "pred": 0.9269467455621302
  },
  "mantel": {
    "gt": {
      "r": 0.8834899713518443,
      "p": 0.001
    },
    "pred": {
      "r": 0.882036536096603,
      "p": 0.001
    },
    "combined": {
      "r": 0.9072475120664537,
      "p": 0.001
    }
  }
}