{
  "reducer": "pca",
  "info": {
    "evr_fit": [
      0.3700641095638275,
      0.18785394728183746
    ],
    "evr_gt": [
      0.3273277282714844,
      0.1504155993461609
    ],
    "evr_pred": [
      0.41695666313171387,
      0.12643195688724518
    ]
  },
  "trust": {
    "gt": 0.7844378698224852,
    "pred": 0.9121301775147929
  },
  "mantel": {
    "gt": {
      "r": 0.6895066722666721,
      "p": 0.001
    },
    "pred": {
      "r": 0.5862679092600578,
      "p": 0.001
    },
    "combined": {
      "r": 0.6901967023350947,
      "p": 0.001
    }
  }
}