{
  "reducer": "kpca_poly",
  "info": {},
  "trust": {
    "gt": 0.977810650887574,
    "pred": 0.9593136094674556
  },
  "mantel": {
    "gt": {
      "r": 0.1479857524296961,
      "p": 0.004
    },
    "pred": {
      "r": 0.07572439983826502,
      "p": 0.07
    },
    "combined": {
      "r": 0.27502001455096853,
      "p": 0.001
    }
  }
}