{
  "reducer": "kpca_poly",
  "info": {},
  "trust": {
    "gt": 0.8717278106508876,
    "pred": 0.8101656804733728
  },
  "mantel": {
    "gt": {
      "r": 0.754034508825725,
      "p": 0.001
    },
    "pred": {
      "r": 0.3171146792003904,
      "p": 0.001
    },
    "combined": {
      "r": 0.5441094825714775,
      "p": 0.001
    }
  }
}