{
  "reducer": "pca",
  "info": {
    "evr_fit": [
      0.331413209438324,
      0.10056104511022568
    ],
    "evr_gt": [
      0.06590930372476578,
      0.13516047596931458
    ],
    "evr_pred": [
      0.08113565295934677,
      0.13538607954978943
    ]
  },
  "trust": {
    "gt": 0.8293136094674556,
    "pred": 0.8496568047337278
  },
  "mantel": {
    "gt": {
      "r": 0.737681956048241,
      "p": 0.001
    },
    "pred": {
      "r": 0.5707785690077287,
      "p": 0.001
    },
    "combined": {
      "r": 0.806350451992842,
      "p": 0.001
    }
  }
}