{
  "reducer": "kpca_rbf",
  "info": {},
  "trust": {
    "gt": 0.8776923076923077,
    "pred": 0.8125562130177515
  },
  "mantel": {
    "gt": {
      "r": 0.8357257712900268,
      "p": 0.001
    },
    "pred": {
      "r": 0.5528496980736805,
      "p": 0.001
    },
    "combined": {
      "r": 0.4100262150234468,
      "p": 0.001
    }
  }
}