{
  "reducer": "kpca_cosine",
  "info": {},
  "trust": {
    "gt": 0.8493491124260355,
    "pred": 0.8647337278106508
  },
  "mantel": {
    "gt": {
      "r": 0.862743622827176,
      "p": 0.001
    },
    "pred": {
      "r": 0.6910368677997692,
      "p": 0.001
    },
    "combined": {
      "r": 0.7105103598923671,
      "p": 0.001
    }
  }
}