TCR_name,minimization_mode,total_score,tcr_chains,pmhc_chains,peptide_chain,mhc_only_chains,partners_tcr_pmhc,partners_pep_mhc,interface_dG_tcr_pmhc,dG_separated_tcr_pmhc,delta_sasa_tcr_pmhc,interface_dG_pep_mhc,dG_separated_pep_mhc,delta_sasa_pep_mhc,dE_binding_tcr_pmhc
Binding_donor2_row4_cand000007,none,226239.40461964742,AB,MP,P,M,MP_AB,M_P,12161.58744595549,12161.58744595549,1395.464925098205,1917.772456694278,1917.772456694278,1159.4373560437023,12161.587445955665
Binding_donor1_row2_cand000003,none,25865.455275617875,AB,MP,P,M,MP_AB,M_P,11667.030432949128,11667.030432949128,1967.5988404624563,1327.4007679888532,1327.4007679888532,1656.917597423681,11667.030432949121
Binding_donor2_row3_cand000004,none,16787.903835980887,AB,MP,P,M,MP_AB,M_P,7225.172764021669,7225.172764021669,1910.5144652157423,1018.0907629582139,1018.0907629582139,1725.2890634851556,7225.1727640218305
Binding_donor1_row1_cand000002,none,19972.660635132725,AB,MP,P,M,MP_AB,M_P,11238.936992377006,11238.936992377006,2175.950366745215,1022.110514636976,1022.110514636976,1750.5271062454108,11238.936992377457
Binding_donor3_row5_cand000001,none,18663.884852394403,AB,MP,P,M,MP_AB,M_P,5038.524578292585,5038.524578292585,2202.087316126398,1021.6752861876876,1021.6752861876876,1716.3430177026798,5038.52457829237
Binding_donor3_row6_cand000006,none,22434.65374574998,AB,MP,P,M,MP_AB,M_P,10338.070436878164,10338.070436878164,1878.013828185258,858.0422090792836,858.0422090792836,1736.3379207355285,10338.070436878264
