TCR_name,minimization_mode,total_score,tcr_chains,pmhc_chains,peptide_chain,mhc_only_chains,partners_tcr_pmhc,partners_pep_mhc,interface_dG_tcr_pmhc,dG_separated_tcr_pmhc,delta_sasa_tcr_pmhc,interface_dG_pep_mhc,dG_separated_pep_mhc,delta_sasa_pep_mhc,dE_binding_tcr_pmhc,openmm_energy
Binding_donor1_row1_cand000002,openmm,86.49370038002955,AB,MP,P,M,MP_AB,M_P,247.81351591889432,247.81351591889432,2443.1220176083425,-58.88222088309961,-58.88222088309961,1770.1539387315615,247.81351591874238,-46532.76432809052 kJ/mol
Binding_donor1_row2_cand000003,openmm,144.3945847442584,AB,MP,P,M,MP_AB,M_P,303.1529320868626,303.1529320868626,2139.3826936785626,-55.07953297741696,-55.07953297741696,1735.04674942596,303.1529320867104,-43696.377751476844 kJ/mol
Binding_donor2_row3_cand000004,openmm,-112.27003786209477,AB,MP,P,M,MP_AB,M_P,-39.6095875042233,-39.6095875042233,2252.6589060635783,-49.248891953959166,-49.248891953959166,1759.8212792789989,-39.60958750425951,-59474.743784718805 kJ/mol
Binding_donor2_row4_cand000007,openmm,3354.639465646358,AB,MP,P,M,MP_AB,M_P,-29.04195549813676,-29.04195549813676,1755.6176886821554,-26.643019493164047,-26.643019493164047,1524.5508340540118,-29.041955497973504,-27183.84979992746 kJ/mol
Binding_donor3_row5_cand000001,openmm,-226.60506765254885,AB,MP,P,M,MP_AB,M_P,-42.31026765320544,-42.31026765320544,2177.973761853636,-54.3706058805727,-54.3706058805727,1821.3315535271468,-42.31026765334903,-54976.087703062934 kJ/mol
Binding_donor3_row6_cand000006,openmm,-283.9880096460532,AB,MP,P,M,MP_AB,M_P,-41.8444181619418,-41.8444181619418,1935.0412669132627,-52.27104734848473,-52.27104734848473,1859.7321403461672,-41.84441816234602,-52914.766925015145 kJ/mol
