{
  "reducer": "tica",
  "info": {
    "best_lag": 1,
    "vamp2_scores": {
      "1": 9.11766378758106,
      "2": 8.769166883098205,
      "5": 8.084200335610252,
      "10": 7.451862947597047,
      "20": 6.585010851016117,
      "50": 5.265516589638368
    },
    "values": [
      1.0,
      1.0
    ],
    "timescales": [
      1000022122209.0028,
      1000022122209.0028
    ]
  },
  "trust": {
    "gt": 0.8474437869822485,
    "pred": 0.6747337278106509
  },
  "mantel": {
    "gt": {
      "r": 0.5779988809685088,
      "p": 0.001
    },
    "pred": {
      "r": 0.160850233928841,
      "p": 0.001
    },
    "combined": {
      "r": 0.3445119358536218,
      "p": 0.001
    }
  }
}