{
  "reducer": "tica",
  "info": {
    "best_lag": 1,
    "vamp2_scores": {
      "1": 7.144269664936318,
      "2": 6.545505284387627,
      "5": 5.685772872130565,
      "10": 5.017151886815067,
      "20": 4.358238662581563,
      "50": 3.661235803555608
    },
    "values": [
      1.0,
      1.0
    ],
    "timescales": [
      1000022122209.0028,
      1000022122209.0028
    ]
  },
  "trust": {
    "gt": 0.7507218934911243,
    "pred": 0.6195502958579882
  },
  "mantel": {
    "gt": {
      "r": 0.6861269605753465,
      "p": 0.001
    },
    "pred": {
      "r": 0.17330107906184944,
      "p": 0.001
    },
    "combined": {
      "r": 0.24604388936832267,
      "p": 0.001
    }
  }
}