{
  "reducer": "kpca_cosine",
  "info": {},
  "trust": {
    "gt": 0.9673136094674556,
    "pred": 0.8976923076923077
  },
  "mantel": {
    "gt": {
      "r": 0.8497435589250216,
      "p": 0.001
    },
    "pred": {
      "r": 0.6889463081584933,
      "p": 0.001
    },
    "combined": {
      "r": 0.704090487254528,
      "p": 0.001
    }
  }
}