{
  "reducer": "kpca_rbf",
  "info": {},
  "trust": {
    "gt": 0.9016686390532545,
    "pred": 0.8541183431952662
  },
  "mantel": {
    "gt": {
      "r": 0.49572113095879705,
      "p": 0.001
    },
    "pred": {
      "r": 0.12819055303670157,
      "p": 0.004
    },
    "combined": {
      "r": 0.24733879641098103,
      "p": 0.001
    }
  }
}