{
  "reducer": "pca",
  "info": {
    "evr_fit": [
      0.31333351135253906,
      0.17683348059654236
    ],
    "evr_gt": [
      0.04473860561847687,
      0.093226358294487
    ],
    "evr_pred": [
      0.22550751268863678,
      0.23701243102550507
    ]
  },
  "trust": {
    "gt": 0.7195384615384615,
    "pred": 0.909171597633136
  },
  "mantel": {
    "gt": {
      "r": 0.4912407704347843,
      "p": 0.001
    },
    "pred": {
      "r": 0.6655023941132283,
      "p": 0.001
    },
    "combined": {
      "r": 0.8041619330856805,
      "p": 0.001
    }
  }
}