{
  "reducer": "kpca_rbf",
  "info": {},
  "trust": {
    "gt": 0.9016686390532545,
    "pred": 0.8541183431952662
  },
  "mantel": {
    "gt": {
      "r": 0.49572120069865694,
      "p": 0.001
    },
    "pred": {
      "r": 0.12819096049621323,
      "p": 0.004
    },
    "combined": {
      "r": 0.24733861719355327,
      "p": 0.001
    }
  }
}