{
  "reducer": "kpca_rbf",
  "info": {},
  "trust": {
    "gt": 0.8642721893491124,
    "pred": 0.9168047337278107
  },
  "mantel": {
    "gt": {
      "r": 0.6747912508728784,
      "p": 0.001
    },
    "pred": {
      "r": 0.4411225506757023,
      "p": 0.001
    },
    "combined": {
      "r": 0.5091319642587377,
      "p": 0.001
    }
  }
}