{
  "reducer": "diffmap",
  "info": {
    "diffmap_evals": [
      0.09959171712398529,
      0.06482376903295517
    ],
    "epsilon": 13.28322323751513
  },
  "trust": {
    "gt": 0.8315621301775148,
    "pred": 0.9023786982248521
  },
  "mantel": {
    "gt": {
      "r": 0.4640225981531375,
      "p": 0.001
    },
    "pred": {
      "r": 0.5243769221802677,
      "p": 0.001
    },
    "combined": {
      "r": 0.5790652731307899,
      "p": 0.001
    }
  }
}