{
  "reducer": "kpca_cosine",
  "info": {},
  "trust": {
    "gt": 0.8689112426035503,
    "pred": 0.712094674556213
  },
  "mantel": {
    "gt": {
      "r": 0.824967683277116,
      "p": 0.001
    },
    "pred": {
      "r": 0.33488058208633725,
      "p": 0.001
    },
    "combined": {
      "r": 0.5005640011971717,
      "p": 0.001
    }
  }
}