{
  "reducer": "pca",
  "info": {
    "evr_fit": [
      0.40820714831352234,
      0.16252027451992035
    ],
    "evr_gt": [
      0.13359636068344116,
      0.153829887509346
    ],
    "evr_pred": [
      0.4515928626060486,
      0.20394805073738098
    ]
  },
  "trust": {
    "gt": 0.8619289940828403,
    "pred": 0.9218816568047338
  },
  "mantel": {
    "gt": {
      "r": 0.7564180525349603,
      "p": 0.001
    },
    "pred": {
      "r": 0.9106821711845031,
      "p": 0.001
    },
    "combined": {
      "r": 0.821851592073181,
      "p": 0.001
    }
  }
}