{
  "reducer": "tica",
  "info": {
    "best_lag": 1,
    "vamp2_scores": {
      "1": 6.3471185849932255,
      "2": 5.741378779796137,
      "5": 4.9392481467882305,
      "10": 4.323492378997313,
      "20": 3.753336971659934,
      "50": 3.1500248488845783
    },
    "values": [
      1.0,
      1.0
    ],
    "timescales": [
      1000022122209.0028,
      1000022122209.0028
    ]
  },
  "trust": {
    "gt": 0.8759408284023669,
    "pred": 0.8509230769230769
  },
  "mantel": {
    "gt": {
      "r": 0.7916767431630898,
      "p": 0.001
    },
    "pred": {
      "r": 0.5080820380204581,
      "p": 0.001
    },
    "combined": {
      "r": 0.49838594621595805,
      "p": 0.001
    }
  }
}