{
  "reducer": "kpca_poly",
  "info": {},
  "trust": {
    "gt": 0.8600355029585799,
    "pred": 0.8984260355029585
  },
  "mantel": {
    "gt": {
      "r": 0.6898723283282403,
      "p": 0.001
    },
    "pred": {
      "r": 0.48547524507011547,
      "p": 0.001
    },
    "combined": {
      "r": 0.5580747784444017,
      "p": 0.001
    }
  }
}