{
  "reducer": "kpca_cosine",
  "info": {},
  "trust": {
    "gt": 0.9055502958579882,
    "pred": 0.605810650887574
  },
  "mantel": {
    "gt": {
      "r": 0.6262743035843213,
      "p": 0.001
    },
    "pred": {
      "r": 0.06829151175950282,
      "p": 0.047
    },
    "combined": {
      "r": -0.04799540588283512,
      "p": 0.953
    }
  }
}