{
  "reducer": "tica",
  "info": {
    "best_lag": 1,
    "vamp2_scores": {
      "1": 1.016740150964197,
      "2": 1.0101977115462362,
      "5": 1.0058666781522447,
      "10": 1.002903442608274,
      "20": 1.0014345152137831,
      "50": 1.0003489540370454
    },
    "values": [
      1.0,
      1.0
    ],
    "timescales": [
      1000022122209.0028,
      1000022122209.0028
    ]
  },
  "trust": {
    "gt": 0.7328165680473373,
    "pred": 0.7102011834319526
  },
  "mantel": {
    "gt": {
      "r": 0.2887109741088471,
      "p": 0.001
    },
    "pred": {
      "r": 0.11875370083201049,
      "p": 0.007
    },
    "combined": {
      "r": 0.5369459601043184,
      "p": 0.001
    }
  }
}