{
  "reducer": "kpca_cosine",
  "info": {},
  "trust": {
    "gt": 0.8893727810650888,
    "pred": 0.7560828402366864
  },
  "mantel": {
    "gt": {
      "r": 0.6876028576023565,
      "p": 0.001
    },
    "pred": {
      "r": 0.22321724387465328,
      "p": 0.001
    },
    "combined": {
      "r": 0.27342729404475746,
      "p": 0.001
    }
  }
}