{
  "reducer": "diffmap",
  "info": {
    "diffmap_evals": [
      0.16641409695148468,
      0.12793678045272827
    ],
    "epsilon": 4.93719130408499
  },
  "trust": {
    "gt": 0.8679644970414201,
    "pred": 0.9469940828402367
  },
  "mantel": {
    "gt": {
      "r": 0.6809272012110528,
      "p": 0.001
    },
    "pred": {
      "r": 0.8544978483253205,
      "p": 0.001
    },
    "combined": {
      "r": 0.9117060682555449,
      "p": 0.001
    }
  }
}