{
  "reducer": "diffmap",
  "info": {
    "diffmap_evals": [
      0.10666907578706741,
      0.057247620075941086
    ],
    "epsilon": 6.354706072581905
  },
  "trust": {
    "gt": 0.777396449704142,
    "pred": 0.9096213017751479
  },
  "mantel": {
    "gt": {
      "r": 0.6825025156905273,
      "p": 0.001
    },
    "pred": {
      "r": 0.5633659336725059,
      "p": 0.001
    },
    "combined": {
      "r": 0.6732594289521675,
      "p": 0.001
    }
  }
}