{
  "reducer": "pca",
  "info": {
    "evr_fit": [
      0.30392444133758545,
      0.21962611377239227
    ],
    "evr_gt": [
      0.12362160533666611,
      0.20657193660736084
    ],
    "evr_pred": [
      0.1826724410057068,
      0.28602755069732666
    ]
  },
  "trust": {
    "gt": 0.848094674556213,
    "pred": 0.9017396449704143
  },
  "mantel": {
    "gt": {
      "r": 0.7151937688833329,
      "p": 0.001
    },
    "pred": {
      "r": 0.7600128300669705,
      "p": 0.001
    },
    "combined": {
      "r": 0.8700163068430236,
      "p": 0.001
    }
  }
}