{
  "reducer": "diffmap",
  "info": {
    "diffmap_evals": [
      0.12853603065013885,
      0.07592438906431198
    ],
    "epsilon": 183.91672860904146
  },
  "trust": {
    "gt": 0.958792899408284,
    "pred": 0.9520236686390533
  },
  "mantel": {
    "gt": {
      "r": 0.8504466652911983,
      "p": 0.001
    },
    "pred": {
      "r": 0.7079099542266907,
      "p": 0.001
    },
    "combined": {
      "r": 0.7112438360343678,
      "p": 0.001
    }
  }
}