{
  "reducer": "kpca_poly",
  "info": {},
  "trust": {
    "gt": 0.9668047337278106,
    "pred": 0.9674082840236686
  },
  "mantel": {
    "gt": {
      "r": 0.02862138554537292,
      "p": 0.243
    },
    "pred": {
      "r": 0.044735449199133276,
      "p": 0.189
    },
    "combined": {
      "r": 0.2761408666742897,
      "p": 0.001
    }
  }
}