{
  "reducer": "kpca_rbf",
  "info": {},
  "trust": {
    "gt": 0.9463550295857989,
    "pred": 0.8747455621301775
  },
  "mantel": {
    "gt": {
      "r": 0.7871659263109725,
      "p": 0.001
    },
    "pred": {
      "r": 0.6176706203214616,
      "p": 0.001
    },
    "combined": {
      "r": 0.5096752646989178,
      "p": 0.001
    }
  }
}