TCR_name,minimization_mode,total_score,tcr_chains,pmhc_chains,peptide_chain,mhc_only_chains,partners_tcr_pmhc,partners_pep_mhc,interface_dG_tcr_pmhc,dG_separated_tcr_pmhc,delta_sasa_tcr_pmhc,interface_dG_pep_mhc,dG_separated_pep_mhc,delta_sasa_pep_mhc,dE_binding_tcr_pmhc,openmm_energy
Binding_donor3_row1_cand000002,openmm,-296.9472346990892,AB,MP,P,M,MP_AB,M_P,-48.16107441646761,-48.16107441646761,1900.8506004185065,-74.22518223439809,-74.22518223439809,2164.3905934451413,-48.16107441603393,-58274.870927209326 kJ/mol
Binding_donor3_row0_cand000001,openmm,268.8510612696209,AB,MP,P,M,MP_AB,M_P,353.73700818064987,353.73700818064987,2483.0819358802282,-64.01331649978081,-64.01331649978081,1940.6782149760702,353.7370081804304,-48108.17660731076 kJ/mol
Binding_donor4_row2_cand000003,openmm,-359.0151903570372,AB,MP,P,M,MP_AB,M_P,-30.163925114068547,-30.163925114068547,2029.5110601588287,-75.02182639490374,-75.02182639490374,2127.0700629093685,-30.163925114305414,-57855.8616438423 kJ/mol
