{
  "reducer": "tica",
  "info": {
    "best_lag": 1,
    "vamp2_scores": {
      "1": 4.4859725539651,
      "2": 4.097165864734309,
      "5": 3.6704252882553696,
      "10": 3.403957659098167,
      "20": 3.1168171490893304,
      "50": 2.7102037768936853
    },
    "values": [
      1.0,
      1.0
    ],
    "timescales": [
      1000022122209.0028,
      1000022122209.0028
    ]
  },
  "trust": {
    "gt": 0.7946035502958579,
    "pred": 0.8260236686390532
  },
  "mantel": {
    "gt": {
      "r": 0.8670704254951498,
      "p": 0.001
    },
    "pred": {
      "r": 0.6751758466728313,
      "p": 0.001
    },
    "combined": {
      "r": 0.8285402447147758,
      "p": 0.001
    }
  }
}