{
  "reducer": "pca",
  "info": {
    "evr_fit": [
      0.2507426142692566,
      0.07567360997200012
    ],
    "evr_gt": [
      0.036483943462371826,
      0.18933042883872986
    ],
    "evr_pred": [
      0.015211466699838638,
      0.015456491149961948
    ]
  },
  "trust": {
    "gt": 0.8611005917159763,
    "pred": 0.6733254437869822
  },
  "mantel": {
    "gt": {
      "r": 0.6409423421018582,
      "p": 0.001
    },
    "pred": {
      "r": 0.1766429905971837,
      "p": 0.001
    },
    "combined": {
      "r": 0.3238043147054451,
      "p": 0.001
    }
  }
}