TCR_name,minimization_mode,total_score,tcr_chains,pmhc_chains,peptide_chain,mhc_only_chains,partners_tcr_pmhc,partners_pep_mhc,interface_dG_tcr_pmhc,dG_separated_tcr_pmhc,delta_sasa_tcr_pmhc,interface_dG_pep_mhc,dG_separated_pep_mhc,delta_sasa_pep_mhc,dE_binding_tcr_pmhc,openmm_energy
Binding_donor1_row0_cand000001,openmm,-289.8093666504188,AB,MP,P,M,MP_AB,M_P,-32.39991721562541,-32.39991721562541,1837.2042991475407,-63.24447751773921,-63.24447751773921,1826.1754627629432,-32.399917215549124,-52635.00254276728 kJ/mol
Binding_donor2_row1_cand000004,openmm,-375.421794391097,AB,MP,P,M,MP_AB,M_P,-47.63898196649893,-47.63898196649893,2251.4947947235537,-60.359875832122114,-60.359875832122114,1720.2677822552437,-47.63898196676507,-50407.407343358405 kJ/mol
Binding_donor4_row4_cand000005,openmm,-348.90545162999837,AB,MP,P,M,MP_AB,M_P,-56.244140268521164,-56.244140268521164,1991.1620885435536,-57.86991282340934,-57.86991282340934,1666.5323447772564,-56.24414026867163,-56567.41261475095 kJ/mol
Binding_donor3_row2_cand000003,openmm,-338.37110126102743,AB,MP,P,M,MP_AB,M_P,-44.99905988246195,-44.99905988246195,1968.8273040312552,-69.75589240025501,-69.75589240025501,1713.2460046366957,-44.999059882332745,-51464.700874231945 kJ/mol
