{
  "reducer": "kpca_cosine",
  "info": {},
  "trust": {
    "gt": 0.8588757396449704,
    "pred": 0.890284023668639
  },
  "mantel": {
    "gt": {
      "r": 0.6968892334967958,
      "p": 0.001
    },
    "pred": {
      "r": 0.5233356632065918,
      "p": 0.001
    },
    "combined": {
      "r": 0.5947790252768899,
      "p": 0.001
    }
  }
}