TCR_name,minimization_mode,total_score,tcr_chains,pmhc_chains,peptide_chain,mhc_only_chains,partners_tcr_pmhc,partners_pep_mhc,interface_dG_tcr_pmhc,dG_separated_tcr_pmhc,delta_sasa_tcr_pmhc,interface_dG_pep_mhc,dG_separated_pep_mhc,delta_sasa_pep_mhc,dE_binding_tcr_pmhc
Binding_donor2_row5_cand000004,none,10764.570935420637,AB,MP,P,M,MP_AB,M_P,5932.990712075955,5932.990712075955,1721.7466889361745,834.0837500273092,834.0837500273092,1730.7564663859152,5932.9907120751395
Binding_donor1_row0_cand000005,none,8342.971453344919,AB,MP,P,M,MP_AB,M_P,2314.0950151671123,2314.0950151671123,1834.358590222787,952.0786041896231,952.0786041896231,1734.8114557717342,2314.0950151671614
Binding_donor2_row7_cand000008,none,21925.478327677785,AB,MP,P,M,MP_AB,M_P,7531.241875784346,7531.241875784346,1711.2182035415394,797.6083461645185,797.6083461645185,1720.26281000613,7531.241875784497
Binding_donor1_row3_cand000010,none,19329.79903062415,AB,MP,P,M,MP_AB,M_P,4076.0151840592716,4076.0151840592716,1760.138091444821,879.1095996874678,879.1095996874678,1709.618613160596,4076.0151840590333
Binding_donor2_row8_cand000001,none,28668.918040671837,AB,MP,P,M,MP_AB,M_P,9235.033814341208,9235.033814341208,1875.9991674801138,857.3188593672498,857.3188593672498,1746.355055687406,9235.033814340917
Binding_donor2_row6_cand000011,none,13868.334844853243,AB,MP,P,M,MP_AB,M_P,4943.858416824662,4943.858416824662,1808.236697215284,855.3276678269872,855.3276678269872,1680.2322718342007,4943.858416825198
Binding_donor3_row11_cand000009,none,24779.210913386196,AB,MP,P,M,MP_AB,M_P,8979.196580281303,8979.196580281303,1529.7052955413799,925.9024305678254,925.9024305678254,1736.2734754225264,8979.196580281274
Binding_donor3_row12_cand000007,none,13121.871274856037,AB,MP,P,M,MP_AB,M_P,4765.28219284481,4765.28219284481,1910.9054189681879,902.6817384257779,902.6817384257779,1747.6818782558287,4765.282192844834
Binding_donor3_row9_cand000012,none,10657.1300677223,AB,MP,P,M,MP_AB,M_P,3144.4651872267514,3144.4651872267514,1697.2324458522512,842.7937116025587,842.7937116025587,1754.4414686356326,3144.4651872267714
Binding_donor3_row10_cand000002,none,22549.766061610913,AB,MP,P,M,MP_AB,M_P,9594.655019234317,9594.655019234317,1469.5161269387272,965.2729582639972,965.2729582639972,1735.1815431433463,9594.655019234391
