{
  "reducer": "kpca_rbf",
  "info": {},
  "trust": {
    "gt": 0.863207100591716,
    "pred": 0.7318106508875739
  },
  "mantel": {
    "gt": {
      "r": 0.8127046543286597,
      "p": 0.001
    },
    "pred": {
      "r": 0.38092746889431167,
      "p": 0.001
    },
    "combined": {
      "r": 0.2953189324830396,
      "p": 0.001
    }
  }
}