{
  "reducer": "kpca_rbf",
  "info": {},
  "trust": {
    "gt": 0.8695266272189349,
    "pred": 0.9089704142011834
  },
  "mantel": {
    "gt": {
      "r": 0.5909167696828465,
      "p": 0.001
    },
    "pred": {
      "r": 0.26466640922541784,
      "p": 0.001
    },
    "combined": {
      "r": 0.3187471978401576,
      "p": 0.001
    }
  }
}