{
  "reducer": "kpca_rbf",
  "info": {},
  "trust": {
    "gt": 0.9088284023668639,
    "pred": 0.7404142011834319
  },
  "mantel": {
    "gt": {
      "r": 0.44155991187502397,
      "p": 0.001
    },
    "pred": {
      "r": 0.45740611979779583,
      "p": 0.001
    },
    "combined": {
      "r": 0.3859789740765894,
      "p": 0.001
    }
  }
}