{
  "reducer": "kpca_rbf",
  "info": {},
  "trust": {
    "gt": 0.8762958579881657,
    "pred": 0.7602485207100591
  },
  "mantel": {
    "gt": {
      "r": 0.5415942137878275,
      "p": 0.001
    },
    "pred": {
      "r": 0.22694285253852353,
      "p": 0.001
    },
    "combined": {
      "r": 0.05672372518944863,
      "p": 0.026
    }
  }
}