{
  "reducer": "kpca_cosine",
  "info": {},
  "trust": {
    "gt": 0.8575147928994082,
    "pred": 0.9020118343195266
  },
  "mantel": {
    "gt": {
      "r": 0.7634322209459625,
      "p": 0.001
    },
    "pred": {
      "r": 0.8342806067879482,
      "p": 0.001
    },
    "combined": {
      "r": 0.814599143768028,
      "p": 0.001
    }
  }
}