{
  "reducer": "kpca_cosine",
  "info": {},
  "trust": {
    "gt": 0.890792899408284,
    "pred": 0.8392426035502959
  },
  "mantel": {
    "gt": {
      "r": 0.6660190044081228,
      "p": 0.001
    },
    "pred": {
      "r": 0.31676526648706527,
      "p": 0.001
    },
    "combined": {
      "r": 0.4113582212868014,
      "p": 0.001
    }
  }
}