{
  "reducer": "kpca_poly",
  "info": {},
  "trust": {
    "gt": 0.8737988165680474,
    "pred": 0.7407455621301775
  },
  "mantel": {
    "gt": {
      "r": 0.5677700959518258,
      "p": 0.001
    },
    "pred": {
      "r": 0.2173111429800331,
      "p": 0.001
    },
    "combined": {
      "r": 0.0652835608577987,
      "p": 0.009
    }
  }
}