{
  "reducer": "diffmap",
  "info": {
    "diffmap_evals": [
      0.15267525613307953,
      0.07980459183454514
    ],
    "epsilon": 5.6482061569849975
  },
  "trust": {
    "gt": 0.8684615384615384,
    "pred": 0.9369704142011834
  },
  "mantel": {
    "gt": {
      "r": 0.6509122054906039,
      "p": 0.001
    },
    "pred": {
      "r": 0.777567387143844,
      "p": 0.001
    },
    "combined": {
      "r": 0.7552264888063944,
      "p": 0.001
    }
  }
}