{
  "reducer": "tica",
  "info": {
    "best_lag": 1,
    "vamp2_scores": {
      "1": 1.9060923500673543,
      "2": 1.7684210830840823,
      "5": 1.5878956352185063,
      "10": 1.4813750101259027,
      "20": 1.3716379935186835,
      "50": 1.2406765595599107
    },
    "values": [
      1.0,
      1.0
    ],
    "timescales": [
      1000022122209.0028,
      1000022122209.0028
    ]
  },
  "trust": {
    "gt": 0.7913136094674557,
    "pred": 0.7020591715976332
  },
  "mantel": {
    "gt": {
      "r": 0.12699597622639586,
      "p": 0.007
    },
    "pred": {
      "r": 0.07228013102320224,
      "p": 0.067
    },
    "combined": {
      "r": 0.4698609077840501,
      "p": 0.001
    }
  }
}