{
  "reducer": "kpca_cosine",
  "info": {},
  "trust": {
    "gt": 0.8903313609467456,
    "pred": 0.9225443786982248
  },
  "mantel": {
    "gt": {
      "r": 0.9047490585874458,
      "p": 0.001
    },
    "pred": {
      "r": 0.7942390486465828,
      "p": 0.001
    },
    "combined": {
      "r": 0.8480153717052898,
      "p": 0.001
    }
  }
}