{
  "reducer": "diffmap",
  "info": {
    "diffmap_evals": [
      0.04426862299442291,
      0.0336410254240036
    ],
    "epsilon": 21.313770786160603
  },
  "trust": {
    "gt": 0.879396449704142,
    "pred": 0.8057159763313609
  },
  "mantel": {
    "gt": {
      "r": 0.661874927610043,
      "p": 0.001
    },
    "pred": {
      "r": 0.5574802123981727,
      "p": 0.001
    },
    "combined": {
      "r": 0.3896418737081616,
      "p": 0.001
    }
  }
}