{
  "reducer": "kpca_poly",
  "info": {},
  "trust": {
    "gt": 0.9088757396449704,
    "pred": 0.7215739644970414
  },
  "mantel": {
    "gt": {
      "r": 0.2969352575690278,
      "p": 0.001
    },
    "pred": {
      "r": 0.09319863129103349,
      "p": 0.025
    },
    "combined": {
      "r": -0.01676996318388085,
      "p": 0.718
    }
  }
}