{
  "reducer": "kpca_poly",
  "info": {},
  "trust": {
    "gt": 0.8664142011834319,
    "pred": 0.6845798816568047
  },
  "mantel": {
    "gt": {
      "r": 0.49466473331020905,
      "p": 0.001
    },
    "pred": {
      "r": 0.11785538035046153,
      "p": 0.005
    },
    "combined": {
      "r": -0.0703461889125861,
      "p": 0.987
    }
  }
}