{
  "reducer": "kpca_rbf",
  "info": {},
  "trust": {
    "gt": 0.8770532544378699,
    "pred": 0.8298934911242604
  },
  "mantel": {
    "gt": {
      "r": 0.7426969618465412,
      "p": 0.001
    },
    "pred": {
      "r": 0.6992475399566194,
      "p": 0.001
    },
    "combined": {
      "r": 0.6177310454159752,
      "p": 0.001
    }
  }
}