{
  "reducer": "kpca_cosine",
  "info": {},
  "trust": {
    "gt": 0.8789112426035504,
    "pred": 0.8795857988165681
  },
  "mantel": {
    "gt": {
      "r": 0.8534885318055446,
      "p": 0.001
    },
    "pred": {
      "r": 0.8617847531844169,
      "p": 0.001
    },
    "combined": {
      "r": 0.7604378812490217,
      "p": 0.001
    }
  }
}