{
  "reducer": "tica",
  "info": {
    "best_lag": 1,
    "vamp2_scores": {
      "1": 6.131690712986282,
      "2": 5.71150042227447,
      "5": 5.079749472811394,
      "10": 4.649122205640515,
      "20": 4.000410875008809,
      "50": 3.0833175506722252
    },
    "values": [
      1.0,
      1.0
    ],
    "timescales": [
      1000022122209.0028,
      1000022122209.0028
    ]
  },
  "trust": {
    "gt": 0.8689940828402367,
    "pred": 0.728414201183432
  },
  "mantel": {
    "gt": {
      "r": 0.6139260394268711,
      "p": 0.001
    },
    "pred": {
      "r": 0.15539489519278296,
      "p": 0.001
    },
    "combined": {
      "r": 0.34916818598793414,
      "p": 0.001
    }
  }
}