{
  "reducer": "kpca_cosine",
  "info": {},
  "trust": {
    "gt": 0.8584260355029586,
    "pred": 0.9175384615384615
  },
  "mantel": {
    "gt": {
      "r": 0.6708575645508069,
      "p": 0.001
    },
    "pred": {
      "r": 0.7716871133315969,
      "p": 0.001
    },
    "combined": {
      "r": 0.8568448364125051,
      "p": 0.001
    }
  }
}