{
  "reducer": "tica",
  "info": {
    "best_lag": 1,
    "vamp2_scores": {
      "1": 2.004708647365325,
      "2": 1.875615700782089,
      "5": 1.6653766857420191,
      "10": 1.482992691543884,
      "20": 1.2746937557476448,
      "50": 1.0684321187567267
    },
    "values": [
      1.0,
      1.0
    ],
    "timescales": [
      1000022122209.0028,
      1000022122209.0028
    ]
  },
  "trust": {
    "gt": 0.7929822485207101,
    "pred": 0.8908402366863906
  },
  "mantel": {
    "gt": {
      "r": 0.6247315322412004,
      "p": 0.001
    },
    "pred": {
      "r": 0.2895063908721773,
      "p": 0.001
    },
    "combined": {
      "r": 0.45262945185085257,
      "p": 0.001
    }
  }
}