{
  "reducer": "kpca_poly",
  "info": {},
  "trust": {
    "gt": 0.8758224852071006,
    "pred": 0.8741420118343195
  },
  "mantel": {
    "gt": {
      "r": 0.333227039479236,
      "p": 0.001
    },
    "pred": {
      "r": 0.3229218823083992,
      "p": 0.001
    },
    "combined": {
      "r": 0.5508836960204248,
      "p": 0.001
    }
  }
}