{
  "reducer": "kpca_cosine",
  "info": {},
  "trust": {
    "gt": 0.9341183431952663,
    "pred": 0.8965798816568047
  },
  "mantel": {
    "gt": {
      "r": 0.9436865519642533,
      "p": 0.001
    },
    "pred": {
      "r": 0.8320744606744594,
      "p": 0.001
    },
    "combined": {
      "r": 0.6833090573384825,
      "p": 0.001
    }
  }
}