{
  "reducer": "diffmap",
  "info": {
    "diffmap_evals": [
      0.23945528268814087,
      0.039305683225393295
    ],
    "epsilon": 1.2918617677826205
  },
  "trust": {
    "gt": 0.8987455621301775,
    "pred": 0.8545680473372781
  },
  "mantel": {
    "gt": {
      "r": 0.34017399676637045,
      "p": 0.001
    },
    "pred": {
      "r": 0.42007824597913557,
      "p": 0.001
    },
    "combined": {
      "r": 0.5977503074475079,
      "p": 0.001
    }
  }
}