{
  "reducer": "kpca_cosine",
  "info": {},
  "trust": {
    "gt": 0.8686153846153846,
    "pred": 0.8868639053254438
  },
  "mantel": {
    "gt": {
      "r": 0.7048778971647777,
      "p": 0.001
    },
    "pred": {
      "r": 0.3339745150819316,
      "p": 0.001
    },
    "combined": {
      "r": 0.47370561218808427,
      "p": 0.001
    }
  }
}