{
  "reducer": "kpca_cosine",
  "info": {},
  "trust": {
    "gt": 0.7888520710059171,
    "pred": 0.912923076923077
  },
  "mantel": {
    "gt": {
      "r": 0.44447384421352726,
      "p": 0.001
    },
    "pred": {
      "r": 0.7655504938898063,
      "p": 0.001
    },
    "combined": {
      "r": 0.8177145311337425,
      "p": 0.001
    }
  }
}