{
  "reducer": "pca",
  "info": {
    "evr_fit": [
      0.3151026964187622,
      0.14051897823810577
    ],
    "evr_gt": [
      0.07116223871707916,
      0.10176047682762146
    ],
    "evr_pred": [
      0.3051106333732605,
      0.13249528408050537
    ]
  },
  "trust": {
    "gt": 0.7382130177514793,
    "pred": 0.864698224852071
  },
  "mantel": {
    "gt": {
      "r": 0.4127362020671192,
      "p": 0.001
    },
    "pred": {
      "r": 0.564776124068072,
      "p": 0.001
    },
    "combined": {
      "r": 0.6821549186194208,
      "p": 0.001
    }
  }
}