{
  "reducer": "kpca_poly",
  "info": {},
  "trust": {
    "gt": 0.8978816568047338,
    "pred": 0.9045798816568047
  },
  "mantel": {
    "gt": {
      "r": 0.8057849373920863,
      "p": 0.001
    },
    "pred": {
      "r": 0.607687159248512,
      "p": 0.001
    },
    "combined": {
      "r": 0.7418138422350998,
      "p": 0.001
    }
  }
}