{
  "reducer": "kpca_cosine",
  "info": {},
  "trust": {
    "gt": 0.8588757396449704,
    "pred": 0.890284023668639
  },
  "mantel": {
    "gt": {
      "r": 0.696889621922928,
      "p": 0.001
    },
    "pred": {
      "r": 0.5233345588930102,
      "p": 0.001
    },
    "combined": {
      "r": 0.5947790437652849,
      "p": 0.001
    }
  }
}