{
  "reducer": "kpca_rbf",
  "info": {},
  "trust": {
    "gt": 0.8536094674556213,
    "pred": 0.8678461538461538
  },
  "mantel": {
    "gt": {
      "r": 0.8744884518893886,
      "p": 0.001
    },
    "pred": {
      "r": 0.546174500656009,
      "p": 0.001
    },
    "combined": {
      "r": 0.4960629877764138,
      "p": 0.001
    }
  }
}