{
  "reducer": "kpca_poly",
  "info": {},
  "trust": {
    "gt": 0.9343905325443786,
    "pred": 0.8960591715976332
  },
  "mantel": {
    "gt": {
      "r": 0.9429696800756259,
      "p": 0.001
    },
    "pred": {
      "r": 0.8317000515171992,
      "p": 0.001
    },
    "combined": {
      "r": 0.6830716957987254,
      "p": 0.001
    }
  }
}