{
  "reducer": "diffmap",
  "info": {
    "diffmap_evals": [
      0.07729383558034897,
      0.024496499449014664
    ],
    "epsilon": 9913.419117931335
  },
  "trust": {
    "gt": 0.8305917159763314,
    "pred": 0.848508875739645
  },
  "mantel": {
    "gt": {
      "r": 0.7099681941385593,
      "p": 0.001
    },
    "pred": {
      "r": 0.5492743117392903,
      "p": 0.001
    },
    "combined": {
      "r": 0.7411378610719838,
      "p": 0.001
    }
  }
}