{
  "reducer": "kpca_cosine",
  "info": {},
  "trust": {
    "gt": 0.8914201183431952,
    "pred": 0.8101065088757397
  },
  "mantel": {
    "gt": {
      "r": 0.42893871883687373,
      "p": 0.001
    },
    "pred": {
      "r": 0.3623943674390051,
      "p": 0.001
    },
    "combined": {
      "r": 0.43784741138402244,
      "p": 0.001
    }
  }
}