{
  "reducer": "kpca_rbf",
  "info": {},
  "trust": {
    "gt": 0.8714201183431953,
    "pred": 0.8296923076923077
  },
  "mantel": {
    "gt": {
      "r": 0.6689546048606433,
      "p": 0.001
    },
    "pred": {
      "r": 0.44092160829134225,
      "p": 0.001
    },
    "combined": {
      "r": 0.43185949438651544,
      "p": 0.001
    }
  }
}