{
  "reducer": "kpca_rbf",
  "info": {},
  "trust": {
    "gt": 0.8666508875739645,
    "pred": 0.7000473372781065
  },
  "mantel": {
    "gt": {
      "r": 0.470129913103906,
      "p": 0.001
    },
    "pred": {
      "r": 0.12660705619214221,
      "p": 0.003
    },
    "combined": {
      "r": -0.08914483118871805,
      "p": 1.0
    }
  }
}