{
  "reducer": "pca",
  "info": {
    "evr_fit": [
      0.3515908420085907,
      0.1396017074584961
    ],
    "evr_gt": [
      0.12852290272712708,
      0.0573236420750618
    ],
    "evr_pred": [
      0.17195451259613037,
      0.19668693840503693
    ]
  },
  "trust": {
    "gt": 0.7064023668639053,
    "pred": 0.8007455621301776
  },
  "mantel": {
    "gt": {
      "r": 0.6260379660886498,
      "p": 0.001
    },
    "pred": {
      "r": 0.5641842161619464,
      "p": 0.001
    },
    "combined": {
      "r": 0.8148089899329883,
      "p": 0.001
    }
  }
}