input,model,rmse_all_mean,rmse_all_std,macro_rmse_by_germline_mean,macro_rmse_by_germline_std,rmse_dc_mean,rmse_dc_std,BA_mae_deg_mean,BA_mae_deg_std,BC1_mae_deg_mean,BC1_mae_deg_std,AC1_mae_deg_mean,AC1_mae_deg_std,BC2_mae_deg_mean,BC2_mae_deg_std,AC2_mae_deg_mean,AC2_mae_deg_std
alpha_beta_concat,germline_mean,2.9479839628725677,0.2587270670058859,2.804240301458128,0.2175374744976887,0.36145759570838343,0.04989116709782694,4.020353914773918,0.526881013791565,2.0243953228008302,0.5012517294477179,2.074049909879876,0.4714511320475922,1.948051024775624,0.592036048196719,1.978240051107194,0.396408049349141
alpha_beta_concat,global_mean,2.9479839628725677,0.2587270670058859,2.804240301458128,0.2175374744976887,0.36145759570838343,0.04989116709782694,4.020353914773918,0.526881013791565,2.0243953228008302,0.5012517294477179,2.074049909879876,0.4714511320475922,1.948051024775624,0.592036048196719,1.978240051107194,0.396408049349141
alpha_beta_concat,ridge,3.2101124751887467,0.5897724931499095,2.7662221398520406,0.32855677281088935,0.4520410004121594,0.09619867746337729,4.212801042900599,1.112398675091278,2.1923194075754373,0.5369078441337064,1.8555940288102166,0.3679643916540728,2.382486810835083,0.6779318714150131,2.2966037901832785,0.4817039889919248
