input,model,rmse_all_mean,rmse_all_std,macro_rmse_by_germline_mean,macro_rmse_by_germline_std,rmse_dc_mean,rmse_dc_std,BA_mae_deg_mean,BA_mae_deg_std,BC1_mae_deg_mean,BC1_mae_deg_std,AC1_mae_deg_mean,AC1_mae_deg_std,BC2_mae_deg_mean,BC2_mae_deg_std,AC2_mae_deg_mean,AC2_mae_deg_std
alpha_beta_concat,germline_mean,1.3671570332860878,0.1977796363632446,0.9777249276835336,0.2670555706877595,0.2229530637106643,0.04003772489064338,1.6419777944097411,0.2767882067841208,0.6889729909881207,0.12339406131968243,0.7581062073633927,0.18658232175363912,0.6153215811804119,0.07613910063198738,0.7808614161797086,0.1325465535237902
alpha_beta_concat,global_mean,2.9047258533925397,0.12354616835080907,2.844871166339348,0.3639535688975445,0.3569996475917893,0.04860385361231887,3.949005085402932,0.3277755175788846,1.9970868530641774,0.15260610509600722,1.9952331376472139,0.20399479638305057,1.927608564268518,0.14705833815998084,1.9286530519149192,0.3265316861962296
alpha_beta_concat,ridge,1.3448908334141647,0.19728358114887098,0.8737025165284724,0.19356803088484614,0.21797932470918235,0.0431593934589207,1.580982941973914,0.22752407923553067,0.6783960754786478,0.1268769311657347,0.6342562341236608,0.1070763476359115,0.67606475185898,0.1602748547762606,0.7737636449780251,0.17395431216463345
