{
  "reducer": "pca",
  "info": {
    "evr_fit": [
      0.5271546840667725,
      0.2287757843732834
    ],
    "evr_gt": [
      0.4623202979564667,
      0.24006932973861694
    ],
    "evr_pred": [
      0.6179894208908081,
      0.1585868000984192
    ]
  },
  "trust": {
    "gt": 0.8626745562130178,
    "pred": 0.9388165680473373
  },
  "mantel": {
    "gt": {
      "r": 0.685146998164705,
      "p": 0.001
    },
    "pred": {
      "r": 0.8139301677967079,
      "p": 0.001
    },
    "combined": {
      "r": 0.7840692502710108,
      "p": 0.001
    }
  }
}