{
  "reducer": "diffmap",
  "info": {
    "diffmap_evals": [
      0.9991182088851929,
      0.116916723549366
    ],
    "epsilon": 7.235982300664773
  },
  "trust": {
    "gt": 0.7650769230769231,
    "pred": 0.8305325443786982
  },
  "mantel": {
    "gt": {
      "r": 0.11373092563327394,
      "p": 0.001
    },
    "pred": {
      "r": 0.13628595568133128,
      "p": 0.002
    },
    "combined": {
      "r": 0.6837036178092101,
      "p": 0.001
    }
  }
}