{
  "reducer": "diffmap",
  "info": {
    "diffmap_evals": [
      0.21384850144386292,
      0.06236693635582924
    ],
    "epsilon": 0.4274502452691564
  },
  "trust": {
    "gt": 0.8864378698224852,
    "pred": 0.9448284023668639
  },
  "mantel": {
    "gt": {
      "r": 0.6033425445349648,
      "p": 0.001
    },
    "pred": {
      "r": 0.6932226058826725,
      "p": 0.001
    },
    "combined": {
      "r": 0.7313615189646121,
      "p": 0.001
    }
  }
}