{
  "reducer": "pca",
  "info": {
    "evr_fit": [
      0.46335649490356445,
      0.355742871761322
    ],
    "evr_gt": [
      0.26490092277526855,
      0.30289721488952637
    ],
    "evr_pred": [
      0.42621785402297974,
      0.4048936069011688
    ]
  },
  "trust": {
    "gt": 0.8811479289940829,
    "pred": 0.970473372781065
  },
  "mantel": {
    "gt": {
      "r": 0.49259157707016366,
      "p": 0.001
    },
    "pred": {
      "r": 0.8399555249500518,
      "p": 0.001
    },
    "combined": {
      "r": 0.869246891793423,
      "p": 0.001
    }
  }
}