{
  "reducer": "kpca_poly",
  "info": {},
  "trust": {
    "gt": 0.9279289940828402,
    "pred": 0.8400355029585799
  },
  "mantel": {
    "gt": {
      "r": 0.9189197352945577,
      "p": 0.001
    },
    "pred": {
      "r": 0.5520319180198143,
      "p": 0.001
    },
    "combined": {
      "r": 0.6802618013059587,
      "p": 0.001
    }
  }
}