{
  "reducer": "diffmap",
  "info": {
    "diffmap_evals": [
      0.1517857164144516,
      0.03821816295385361
    ],
    "epsilon": 0.045197401030017126
  },
  "trust": {
    "gt": 0.8842130177514793,
    "pred": 0.873491124260355
  },
  "mantel": {
    "gt": {
      "r": 0.767307013419799,
      "p": 0.001
    },
    "pred": {
      "r": 0.6726489759749354,
      "p": 0.001
    },
    "combined": {
      "r": 0.8545481995072993,
      "p": 0.001
    }
  }
}