{
  "reducer": "kpca_rbf",
  "info": {},
  "trust": {
    "gt": 0.8299881656804734,
    "pred": 0.7265325443786983
  },
  "mantel": {
    "gt": {
      "r": 0.8409588501332033,
      "p": 0.001
    },
    "pred": {
      "r": 0.37737712421182645,
      "p": 0.001
    },
    "combined": {
      "r": 0.34965834159371856,
      "p": 0.001
    }
  }
}