TCR_name,minimization_mode,total_score,tcr_chains,pmhc_chains,peptide_chain,mhc_only_chains,partners_tcr_pmhc,partners_pep_mhc,interface_dG_tcr_pmhc,dG_separated_tcr_pmhc,delta_sasa_tcr_pmhc,interface_dG_pep_mhc,dG_separated_pep_mhc,delta_sasa_pep_mhc,dE_binding_tcr_pmhc,openmm_energy
Binding_donor1_row1_cand000006,openmm,94.53954922581934,AB,MP,P,M,MP_AB,M_P,242.30060470824344,242.30060470824344,2500.7714839247396,-57.430425941683495,-57.430425941683495,1757.2590661239014,242.3006047079659,-46583.793878215285 kJ/mol
Binding_donor1_row2_cand000001,openmm,97.71705975790738,AB,MP,P,M,MP_AB,M_P,298.50309106542886,298.50309106542886,2107.68531146898,-46.56416276622669,-46.56416276622669,1725.2960603162016,298.50309106519205,-43775.21719830397 kJ/mol
Binding_donor2_row3_cand000005,openmm,-140.44915149010745,AB,MP,P,M,MP_AB,M_P,-34.136502226986664,-34.136502226986664,2135.3070008093064,-50.03027316994343,-50.03027316994343,1807.7370133289473,-34.136502226979786,-59333.685942822405 kJ/mol
Binding_donor2_row4_cand000007,openmm,3619.0528939582155,AB,MP,P,M,MP_AB,M_P,-24.46131062186032,-24.46131062186032,1709.5267080006956,-25.902066075876064,-25.902066075876064,1487.1086579478851,-24.46131062170116,-27276.59438449916 kJ/mol
Binding_donor3_row5_cand000002,openmm,-210.49007761137662,AB,MP,P,M,MP_AB,M_P,-46.073910955662654,-46.073910955662654,2242.1564842524394,-64.56280372873738,-64.56280372873738,1814.8945077501307,-46.07391095531929,-55432.94854820504 kJ/mol
Binding_donor3_row6_cand000004,openmm,-258.6528471466412,AB,MP,P,M,MP_AB,M_P,-38.80376449483441,-38.80376449483441,1916.4228934259336,-57.90311266826161,-57.90311266826161,1870.7865826501463,-38.80376449502438,-53442.945887686416 kJ/mol
