{
  "reducer": "pca",
  "info": {
    "evr_fit": [
      0.695531964302063,
      0.15148212015628815
    ],
    "evr_gt": [
      0.6025811433792114,
      0.22380055487155914
    ],
    "evr_pred": [
      0.409302681684494,
      0.004227159544825554
    ]
  },
  "trust": {
    "gt": 0.9682603550295859,
    "pred": 0.8864497041420119
  },
  "mantel": {
    "gt": {
      "r": 0.6987809745585238,
      "p": 0.001
    },
    "pred": {
      "r": 0.631245824759689,
      "p": 0.001
    },
    "combined": {
      "r": 0.8516910993940675,
      "p": 0.001
    }
  }
}