{
  "reducer": "kpca_cosine",
  "info": {},
  "trust": {
    "gt": 0.9043195266272189,
    "pred": 0.9117751479289941
  },
  "mantel": {
    "gt": {
      "r": 0.8834327365655509,
      "p": 0.001
    },
    "pred": {
      "r": 0.5821686880390771,
      "p": 0.001
    },
    "combined": {
      "r": 0.8045867251293567,
      "p": 0.001
    }
  }
}