{
  "reducer": "pca",
  "info": {
    "evr_fit": [
      0.7517852783203125,
      0.10985521972179413
    ],
    "evr_gt": [
      0.4436061978340149,
      0.28873640298843384
    ],
    "evr_pred": [
      0.45413482189178467,
      0.20761822164058685
    ]
  },
  "trust": {
    "gt": 0.9148165680473372,
    "pred": 0.878698224852071
  },
  "mantel": {
    "gt": {
      "r": 0.4179746779075538,
      "p": 0.001
    },
    "pred": {
      "r": 0.41310261397143533,
      "p": 0.001
    },
    "combined": {
      "r": 0.6732148792344325,
      "p": 0.001
    }
  }
}