TCR_name,minimization_mode,total_score,tcr_chains,pmhc_chains,peptide_chain,mhc_only_chains,partners_tcr_pmhc,partners_pep_mhc,interface_dG_tcr_pmhc,dG_separated_tcr_pmhc,delta_sasa_tcr_pmhc,interface_dG_pep_mhc,dG_separated_pep_mhc,delta_sasa_pep_mhc,dE_binding_tcr_pmhc,openmm_energy
Binding_donor1_row0_cand000012,openmm,-351.56383745706955,AB,MP,P,M,MP_AB,M_P,-36.602497821543125,-36.602497821543125,1989.0618601629508,-65.7453662058664,-65.7453662058664,1963.126601030127,-36.60249782201015,-53586.21004355643 kJ/mol
Binding_donor1_row1_cand000008,openmm,239.15860122931315,AB,MP,P,M,MP_AB,M_P,-46.9824422514601,-46.9824422514601,2066.0016362146553,-67.60386991207044,-67.60386991207044,1886.8752914336728,-46.98244225131123,-44850.47019522115 kJ/mol
Binding_donor1_row2_cand000002,openmm,320.6847715056855,AB,MP,P,M,MP_AB,M_P,270.04282716253,270.04282716253,2246.682448797653,-59.81045653273583,-59.81045653273583,1876.896390827943,270.04282716285934,-48288.539108523226 kJ/mol
Binding_donor2_row3_cand000009,openmm,-251.87229275742408,AB,MP,P,M,MP_AB,M_P,-35.83696669135341,-35.83696669135341,2088.4979606455,-73.92462746186928,-73.92462746186928,1955.5272512984905,-35.83696669149742,-50851.67125864675 kJ/mol
Binding_donor2_row6_cand000010,openmm,-359.73798964557454,AB,MP,P,M,MP_AB,M_P,-35.103078593225575,-35.103078593225575,1850.5472016526971,-56.35992913496071,-56.35992913496071,1906.7720992055408,-35.1030785932237,-54011.02384377572 kJ/mol
Binding_donor2_row7_cand000004,openmm,-194.75047869925652,AB,MP,P,M,MP_AB,M_P,-39.13397218215428,-39.13397218215428,2137.3449791132557,-71.05372501113621,-71.05372501113621,1981.8969733027575,-39.13397218240374,-54689.414509617956 kJ/mol
Binding_donor4_row11_cand000006,openmm,-147.1450604365138,AB,MP,P,M,MP_AB,M_P,-19.143293216316465,-19.143293216316465,967.4377031675953,-61.95594734881633,-61.95594734881633,1893.1084749970373,-19.143293216139,-53927.27582800078 kJ/mol
