{
  "reducer": "pca",
  "info": {
    "evr_fit": [
      0.550553023815155,
      0.17007075250148773
    ],
    "evr_gt": [
      0.5544012188911438,
      0.08970174938440323
    ],
    "evr_pred": [
      0.3115193247795105,
      0.35345661640167236
    ]
  },
  "trust": {
    "gt": 0.8693372781065088,
    "pred": 0.9404970414201184
  },
  "mantel": {
    "gt": {
      "r": 0.8816145564600063,
      "p": 0.001
    },
    "pred": {
      "r": 0.8628245152904,
      "p": 0.001
    },
    "combined": {
      "r": 0.8713359747923343,
      "p": 0.001
    }
  }
}