{
  "reducer": "kpca_poly",
  "info": {},
  "trust": {
    "gt": 0.865491124260355,
    "pred": 0.9013846153846153
  },
  "mantel": {
    "gt": {
      "r": 0.5939389990572373,
      "p": 0.001
    },
    "pred": {
      "r": 0.2807456564197044,
      "p": 0.001
    },
    "combined": {
      "r": 0.3536394810165192,
      "p": 0.001
    }
  }
}