{
  "reducer": "kpca_poly",
  "info": {},
  "trust": {
    "gt": 0.9060710059171597,
    "pred": 0.606378698224852
  },
  "mantel": {
    "gt": {
      "r": 0.6197545531570663,
      "p": 0.001
    },
    "pred": {
      "r": 0.06262748971098515,
      "p": 0.057
    },
    "combined": {
      "r": -0.06708875004646643,
      "p": 0.988
    }
  }
}