{
  "reducer": "kpca_poly",
  "info": {},
  "trust": {
    "gt": 0.8737988165680474,
    "pred": 0.7407455621301775
  },
  "mantel": {
    "gt": {
      "r": 0.5677706888766841,
      "p": 0.001
    },
    "pred": {
      "r": 0.21731161891869058,
      "p": 0.001
    },
    "combined": {
      "r": 0.06528394871377517,
      "p": 0.009
    }
  }
}