{
  "reducer": "pca",
  "info": {
    "evr_fit": [
      0.4662593901157379,
      0.26102691888809204
    ],
    "evr_gt": [
      0.2588317096233368,
      0.40528541803359985
    ],
    "evr_pred": [
      0.6237429976463318,
      0.10507598519325256
    ]
  },
  "trust": {
    "gt": 0.9594437869822485,
    "pred": 0.9534319526627218
  },
  "mantel": {
    "gt": {
      "r": 0.8537766966084306,
      "p": 0.001
    },
    "pred": {
      "r": 0.7102221365589142,
      "p": 0.001
    },
    "combined": {
      "r": 0.7425019823662057,
      "p": 0.001
    }
  }
}