{
  "reducer": "diffmap",
  "info": {
    "diffmap_evals": [
      0.13246870040893555,
      0.10856849700212479
    ],
    "epsilon": 0.09314126167672132
  },
  "trust": {
    "gt": 0.7732544378698225,
    "pred": 0.9498934911242604
  },
  "mantel": {
    "gt": {
      "r": 0.6489392046200336,
      "p": 0.001
    },
    "pred": {
      "r": 0.9288277325618572,
      "p": 0.001
    },
    "combined": {
      "r": 0.9319263484596316,
      "p": 0.001
    }
  }
}