{
  "reducer": "diffmap",
  "info": {
    "diffmap_evals": [
      0.08974376320838928,
      0.05725281685590744
    ],
    "epsilon": 5.104478476192753
  },
  "trust": {
    "gt": 0.7188520710059172,
    "pred": 0.9082248520710059
  },
  "mantel": {
    "gt": {
      "r": 0.4802749275882004,
      "p": 0.001
    },
    "pred": {
      "r": 0.6826681544497387,
      "p": 0.001
    },
    "combined": {
      "r": 0.8040303150700402,
      "p": 0.001
    }
  }
}