{
  "reducer": "kpca_poly",
  "info": {},
  "trust": {
    "gt": 0.917301775147929,
    "pred": 0.8858224852071006
  },
  "mantel": {
    "gt": {
      "r": 0.38863097973052163,
      "p": 0.001
    },
    "pred": {
      "r": 0.3711560504808834,
      "p": 0.001
    },
    "combined": {
      "r": 0.6350416783355503,
      "p": 0.001
    }
  }
}