{
  "reducer": "kpca_rbf",
  "info": {},
  "trust": {
    "gt": 0.9106745562130177,
    "pred": 0.735621301775148
  },
  "mantel": {
    "gt": {
      "r": 0.29497486769295833,
      "p": 0.001
    },
    "pred": {
      "r": 0.070686060916246,
      "p": 0.052
    },
    "combined": {
      "r": -0.005767145346525471,
      "p": 0.555
    }
  }
}