{
  "reducer": "kpca_poly",
  "info": {},
  "trust": {
    "gt": 0.8148165680473373,
    "pred": 0.7335976331360947
  },
  "mantel": {
    "gt": {
      "r": 0.5134605918005208,
      "p": 0.001
    },
    "pred": {
      "r": 0.2898492357880844,
      "p": 0.001
    },
    "combined": {
      "r": 0.4340556711870111,
      "p": 0.001
    }
  }
}