{
  "reducer": "pca",
  "info": {
    "evr_fit": [
      0.40723103284835815,
      0.20017734169960022
    ],
    "evr_gt": [
      0.1711418330669403,
      0.3100745975971222
    ],
    "evr_pred": [
      0.42522430419921875,
      0.20070335268974304
    ]
  },
  "trust": {
    "gt": 0.8524378698224853,
    "pred": 0.8933609467455621
  },
  "mantel": {
    "gt": {
      "r": 0.21160947865520496,
      "p": 0.001
    },
    "pred": {
      "r": 0.4923835880662667,
      "p": 0.001
    },
    "combined": {
      "r": 0.6731731279521266,
      "p": 0.001
    }
  }
}