{
  "reducer": "pca",
  "info": {
    "evr_fit": [
      0.4730226993560791,
      0.21019130945205688
    ],
    "evr_gt": [
      0.21093079447746277,
      0.3081730902194977
    ],
    "evr_pred": [
      0.15132899582386017,
      0.3417465090751648
    ]
  },
  "trust": {
    "gt": 0.8309467455621302,
    "pred": 0.9151597633136095
  },
  "mantel": {
    "gt": {
      "r": 0.5868659250278918,
      "p": 0.001
    },
    "pred": {
      "r": 0.3253933266872263,
      "p": 0.001
    },
    "combined": {
      "r": 0.5421762748260451,
      "p": 0.001
    }
  }
}