{
  "reducer": "diffmap",
  "info": {
    "diffmap_evals": [
      0.17215918004512787,
      0.04040065035223961
    ],
    "epsilon": 1.653870847122164
  },
  "trust": {
    "gt": 0.8650650887573965,
    "pred": 0.9140591715976332
  },
  "mantel": {
    "gt": {
      "r": 0.7149177561453902,
      "p": 0.001
    },
    "pred": {
      "r": 0.7454908584039188,
      "p": 0.001
    },
    "combined": {
      "r": 0.7486731879118306,
      "p": 0.001
    }
  }
}