{
  "reducer": "diffmap",
  "info": {
    "diffmap_evals": [
      0.07224079966545105,
      0.052427683025598526
    ],
    "epsilon": 4894.105777516961
  },
  "trust": {
    "gt": 0.7664852071005918,
    "pred": 0.903396449704142
  },
  "mantel": {
    "gt": {
      "r": 0.5351359658721092,
      "p": 0.001
    },
    "pred": {
      "r": 0.6891622122914921,
      "p": 0.001
    },
    "combined": {
      "r": 0.740822856688545,
      "p": 0.001
    }
  }
}