{
  "reducer": "kpca_rbf",
  "info": {},
  "trust": {
    "gt": 0.9363076923076923,
    "pred": 0.8323905325443787
  },
  "mantel": {
    "gt": {
      "r": 0.03394022485418153,
      "p": 0.192
    },
    "pred": {
      "r": -0.012045925811098177,
      "p": 0.609
    },
    "combined": {
      "r": 0.2191435518086873,
      "p": 0.001
    }
  }
}