{
  "reducer": "tica",
  "info": {
    "best_lag": 1,
    "vamp2_scores": {
      "1": 6.394302833587636,
      "2": 5.798982628434133,
      "5": 5.025377178736851,
      "10": 4.430474185435405,
      "20": 3.8785881964820783,
      "50": 3.286990433251914
    },
    "values": [
      1.0,
      1.0
    ],
    "timescales": [
      1000022122209.0028,
      1000022122209.0028
    ]
  },
  "trust": {
    "gt": 0.8056568047337278,
    "pred": 0.6631360946745561
  },
  "mantel": {
    "gt": {
      "r": 0.7761920255955908,
      "p": 0.001
    },
    "pred": {
      "r": 0.49347827600028504,
      "p": 0.001
    },
    "combined": {
      "r": 0.404232202511142,
      "p": 0.001
    }
  }
}