{
  "reducer": "kpca_poly",
  "info": {},
  "trust": {
    "gt": 0.8848402366863906,
    "pred": 0.7456804733727811
  },
  "mantel": {
    "gt": {
      "r": 0.4587716922778074,
      "p": 0.001
    },
    "pred": {
      "r": 0.13226052183461767,
      "p": 0.002
    },
    "combined": {
      "r": 0.19429770117561515,
      "p": 0.001
    }
  }
}