{
  "reducer": "pca",
  "info": {
    "evr_fit": [
      0.39946249127388,
      0.15318623185157776
    ],
    "evr_gt": [
      0.19813233613967896,
      0.20403356850147247
    ],
    "evr_pred": [
      0.47176092863082886,
      0.09220417588949203
    ]
  },
  "trust": {
    "gt": 0.8239763313609467,
    "pred": 0.9303076923076923
  },
  "mantel": {
    "gt": {
      "r": 0.7943195172798182,
      "p": 0.001
    },
    "pred": {
      "r": 0.8932076663281313,
      "p": 0.001
    },
    "combined": {
      "r": 0.9000153885675465,
      "p": 0.001
    }
  }
}