{
  "reducer": "pca",
  "info": {
    "evr_fit": [
      0.3690800964832306,
      0.11266998946666718
    ],
    "evr_gt": [
      0.2782530188560486,
      0.1364317536354065
    ],
    "evr_pred": [
      0.06588014215230942,
      0.14353656768798828
    ]
  },
  "trust": {
    "gt": 0.8182603550295858,
    "pred": 0.8123786982248521
  },
  "mantel": {
    "gt": {
      "r": 0.8350548562796497,
      "p": 0.001
    },
    "pred": {
      "r": 0.6169590347705975,
      "p": 0.001
    },
    "combined": {
      "r": 0.7609835186799644,
      "p": 0.001
    }
  }
}