{
  "reducer": "diffmap",
  "info": {
    "diffmap_evals": [
      0.060714494436979294,
      0.027450736612081528
    ],
    "epsilon": 27.12768648238216
  },
  "trust": {
    "gt": 0.874603550295858,
    "pred": 0.8492662721893491
  },
  "mantel": {
    "gt": {
      "r": 0.5455403488486653,
      "p": 0.001
    },
    "pred": {
      "r": 0.35649750901466115,
      "p": 0.001
    },
    "combined": {
      "r": 0.5158343661527486,
      "p": 0.001
    }
  }
}