{
  "reducer": "kpca_rbf",
  "info": {},
  "trust": {
    "gt": 0.9088165680473372,
    "pred": 0.7404142011834319
  },
  "mantel": {
    "gt": {
      "r": 0.4415591289644129,
      "p": 0.001
    },
    "pred": {
      "r": 0.4574013840942967,
      "p": 0.001
    },
    "combined": {
      "r": 0.38597741805138575,
      "p": 0.001
    }
  }
}