{
  "reducer": "tica",
  "info": {
    "best_lag": 1,
    "vamp2_scores": {
      "1": 2.6829553671539346,
      "2": 2.4879131805079253,
      "5": 2.1679375575143762,
      "10": 1.9689785840495038,
      "20": 1.7345548691571966,
      "50": 1.4608116612211326
    },
    "values": [
      1.0,
      1.0
    ],
    "timescales": [
      1000022122209.0028,
      1000022122209.0028
    ]
  },
  "trust": {
    "gt": 0.6541538461538461,
    "pred": 0.8021420118343195
  },
  "mantel": {
    "gt": {
      "r": 0.5927835211635643,
      "p": 0.001
    },
    "pred": {
      "r": 0.7211992031919632,
      "p": 0.001
    },
    "combined": {
      "r": 0.7189895706444765,
      "p": 0.001
    }
  }
}