{
  "reducer": "diffmap",
  "info": {
    "diffmap_evals": [
      0.14004267752170563,
      0.044613953679800034
    ],
    "epsilon": 62.7863871621812
  },
  "trust": {
    "gt": 0.8624023668639054,
    "pred": 0.9284023668639053
  },
  "mantel": {
    "gt": {
      "r": 0.866020174882631,
      "p": 0.001
    },
    "pred": {
      "r": 0.7506100846114078,
      "p": 0.001
    },
    "combined": {
      "r": 0.8004135982507398,
      "p": 0.001
    }
  }
}