{
  "reducer": "kpca_rbf",
  "info": {},
  "trust": {
    "gt": 0.8695857988165681,
    "pred": 0.9089704142011834
  },
  "mantel": {
    "gt": {
      "r": 0.5909163498156229,
      "p": 0.001
    },
    "pred": {
      "r": 0.2646681556331928,
      "p": 0.001
    },
    "combined": {
      "r": 0.3187465238502401,
      "p": 0.001
    }
  }
}