{
  "reducer": "kpca_rbf",
  "info": {},
  "trust": {
    "gt": 0.840224852071006,
    "pred": 0.7021065088757397
  },
  "mantel": {
    "gt": {
      "r": 0.6330214872256604,
      "p": 0.001
    },
    "pred": {
      "r": 0.20755928584788533,
      "p": 0.001
    },
    "combined": {
      "r": 0.1500358074252498,
      "p": 0.001
    }
  }
}