{
  "reducer": "kpca_poly",
  "info": {},
  "trust": {
    "gt": 0.8600355029585799,
    "pred": 0.8984260355029585
  },
  "mantel": {
    "gt": {
      "r": 0.6898723302132391,
      "p": 0.001
    },
    "pred": {
      "r": 0.4854760921956711,
      "p": 0.001
    },
    "combined": {
      "r": 0.5580745603137214,
      "p": 0.001
    }
  }
}