{
  "reducer": "kpca_cosine",
  "info": {},
  "trust": {
    "gt": 0.869905325443787,
    "pred": 0.8891360946745562
  },
  "mantel": {
    "gt": {
      "r": 0.5983088014077677,
      "p": 0.001
    },
    "pred": {
      "r": 0.31349087879151083,
      "p": 0.001
    },
    "combined": {
      "r": 0.40910829329689585,
      "p": 0.001
    }
  }
}