{
  "reducer": "diffmap",
  "info": {
    "diffmap_evals": [
      0.10938441753387451,
      0.035383354872465134
    ],
    "epsilon": 3.630790986372233
  },
  "trust": {
    "gt": 0.9238579881656804,
    "pred": 0.8806745562130177
  },
  "mantel": {
    "gt": {
      "r": 0.8210617220196258,
      "p": 0.001
    },
    "pred": {
      "r": 0.8816550853714649,
      "p": 0.001
    },
    "combined": {
      "r": 0.8121074210961408,
      "p": 0.001
    }
  }
}