{
  "reducer": "kpca_rbf",
  "info": {},
  "trust": {
    "gt": 0.9545207100591716,
    "pred": 0.8874674556213018
  },
  "mantel": {
    "gt": {
      "r": 0.7745310376546988,
      "p": 0.001
    },
    "pred": {
      "r": 0.6389243177234437,
      "p": 0.001
    },
    "combined": {
      "r": 0.5377804584293595,
      "p": 0.001
    }
  }
}