{
  "reducer": "pca",
  "info": {
    "evr_fit": [
      0.430122971534729,
      0.17554286122322083
    ],
    "evr_gt": [
      0.1959100365638733,
      0.07896595448255539
    ],
    "evr_pred": [
      0.18955260515213013,
      0.3199554979801178
    ]
  },
  "trust": {
    "gt": 0.7497514792899409,
    "pred": 0.9148639053254438
  },
  "mantel": {
    "gt": {
      "r": 0.5831728065859206,
      "p": 0.001
    },
    "pred": {
      "r": 0.6347411348881664,
      "p": 0.001
    },
    "combined": {
      "r": 0.7938635235739985,
      "p": 0.001
    }
  }
}