{
  "reducer": "pca",
  "info": {
    "evr_fit": [
      0.46625980734825134,
      0.261027067899704
    ],
    "evr_gt": [
      0.25883030891418457,
      0.4052867591381073
    ],
    "evr_pred": [
      0.623742938041687,
      0.105075903236866
    ]
  },
  "trust": {
    "gt": 0.9594437869822485,
    "pred": 0.9534319526627218
  },
  "mantel": {
    "gt": {
      "r": 0.8537774411990557,
      "p": 0.001
    },
    "pred": {
      "r": 0.710222417279564,
      "p": 0.001
    },
    "combined": {
      "r": 0.7425019601868404,
      "p": 0.001
    }
  }
}