{
  "reducer": "kpca_rbf",
  "info": {},
  "trust": {
    "gt": 0.8642721893491124,
    "pred": 0.9168047337278107
  },
  "mantel": {
    "gt": {
      "r": 0.6747906906844541,
      "p": 0.001
    },
    "pred": {
      "r": 0.4411229704888278,
      "p": 0.001
    },
    "combined": {
      "r": 0.5091316090242171,
      "p": 0.001
    }
  }
}