{
  "reducer": "kpca_rbf",
  "info": {},
  "trust": {
    "gt": 0.915301775147929,
    "pred": 0.8111005917159764
  },
  "mantel": {
    "gt": {
      "r": 0.8608400966297124,
      "p": 0.001
    },
    "pred": {
      "r": 0.5798609830905164,
      "p": 0.001
    },
    "combined": {
      "r": 0.6890651193974092,
      "p": 0.001
    }
  }
}