{
  "reducer": "kpca_cosine",
  "info": {},
  "trust": {
    "gt": 0.8664378698224853,
    "pred": 0.9310295857988166
  },
  "mantel": {
    "gt": {
      "r": 0.5189704749956459,
      "p": 0.001
    },
    "pred": {
      "r": 0.5534796048201059,
      "p": 0.001
    },
    "combined": {
      "r": 0.6584938111582442,
      "p": 0.001
    }
  }
}