{
  "reducer": "diffmap",
  "info": {
    "diffmap_evals": [
      0.16641397774219513,
      0.1279367208480835
    ],
    "epsilon": 4.93719448265216
  },
  "trust": {
    "gt": 0.8679644970414201,
    "pred": 0.9469940828402367
  },
  "mantel": {
    "gt": {
      "r": 0.6809260156247728,
      "p": 0.001
    },
    "pred": {
      "r": 0.8544984457447921,
      "p": 0.001
    },
    "combined": {
      "r": 0.9117059148547056,
      "p": 0.001
    }
  }
}