{
  "reducer": "kpca_poly",
  "info": {},
  "trust": {
    "gt": 0.8829467455621302,
    "pred": 0.8746153846153846
  },
  "mantel": {
    "gt": {
      "r": 0.8522737416725501,
      "p": 0.001
    },
    "pred": {
      "r": 0.8544861138401697,
      "p": 0.001
    },
    "combined": {
      "r": 0.7470576563487479,
      "p": 0.001
    }
  }
}