{
  "reducer": "kpca_cosine",
  "info": {},
  "trust": {
    "gt": 0.8140591715976331,
    "pred": 0.7110414201183433
  },
  "mantel": {
    "gt": {
      "r": 0.5159068640548751,
      "p": 0.001
    },
    "pred": {
      "r": 0.3262777922838691,
      "p": 0.001
    },
    "combined": {
      "r": 0.4316244378882882,
      "p": 0.001
    }
  }
}