{
  "reducer": "kpca_rbf",
  "info": {},
  "trust": {
    "gt": 0.8762958579881657,
    "pred": 0.7602366863905325
  },
  "mantel": {
    "gt": {
      "r": 0.5415940493653059,
      "p": 0.001
    },
    "pred": {
      "r": 0.22694191841554653,
      "p": 0.001
    },
    "combined": {
      "r": 0.056723498586433545,
      "p": 0.026
    }
  }
}