{
  "reducer": "pca",
  "info": {
    "evr_fit": [
      0.24745012819766998,
      0.11166201531887054
    ],
    "evr_gt": [
      0.10684238374233246,
      0.13940906524658203
    ],
    "evr_pred": [
      0.04768088459968567,
      0.13642136752605438
    ]
  },
  "trust": {
    "gt": 0.8684852071005917,
    "pred": 0.8513254437869823
  },
  "mantel": {
    "gt": {
      "r": 0.6012358433952532,
      "p": 0.001
    },
    "pred": {
      "r": 0.38736944609661106,
      "p": 0.001
    },
    "combined": {
      "r": 0.6014060435643608,
      "p": 0.001
    }
  }
}