{
  "reducer": "kpca_cosine",
  "info": {},
  "trust": {
    "gt": 0.9092781065088757,
    "pred": 0.729112426035503
  },
  "mantel": {
    "gt": {
      "r": 0.2977832770052766,
      "p": 0.001
    },
    "pred": {
      "r": 0.10455653586808428,
      "p": 0.019
    },
    "combined": {
      "r": 0.029001898758228763,
      "p": 0.121
    }
  }
}