{
  "reducer": "kpca_rbf",
  "info": {},
  "trust": {
    "gt": 0.9256331360946746,
    "pred": 0.8248994082840236
  },
  "mantel": {
    "gt": {
      "r": 0.8921039123473955,
      "p": 0.001
    },
    "pred": {
      "r": 0.21175349945001387,
      "p": 0.001
    },
    "combined": {
      "r": 0.2915964918172895,
      "p": 0.001
    }
  }
}