{
  "reducer": "kpca_cosine",
  "info": {},
  "trust": {
    "gt": 0.8698934911242604,
    "pred": 0.8891360946745562
  },
  "mantel": {
    "gt": {
      "r": 0.5983081358238413,
      "p": 0.001
    },
    "pred": {
      "r": 0.3134902030332644,
      "p": 0.001
    },
    "combined": {
      "r": 0.409107833620306,
      "p": 0.001
    }
  }
}