{
  "reducer": "tica",
  "info": {
    "best_lag": 1,
    "vamp2_scores": {
      "1": 5.6287841766540385,
      "2": 4.939032751969846,
      "5": 4.071175898294291,
      "10": 3.499038483045256,
      "20": 3.0113850426405455,
      "50": 2.578314459454724
    },
    "values": [
      1.0,
      1.0
    ],
    "timescales": [
      1000022122209.0028,
      1000022122209.0028
    ]
  },
  "trust": {
    "gt": 0.825207100591716,
    "pred": 0.7067455621301775
  },
  "mantel": {
    "gt": {
      "r": 0.75512004557962,
      "p": 0.001
    },
    "pred": {
      "r": 0.3252237863568632,
      "p": 0.001
    },
    "combined": {
      "r": 0.2936784124558566,
      "p": 0.001
    }
  }
}