{
  "reducer": "kpca_cosine",
  "info": {},
  "trust": {
    "gt": 0.864508875739645,
    "pred": 0.7567455621301775
  },
  "mantel": {
    "gt": {
      "r": 0.8256412276914892,
      "p": 0.001
    },
    "pred": {
      "r": 0.42288057672073676,
      "p": 0.001
    },
    "combined": {
      "r": 0.4334467086546489,
      "p": 0.001
    }
  }
}