{
  "reducer": "pca",
  "info": {
    "evr_fit": [
      0.3972681164741516,
      0.20959340035915375
    ],
    "evr_gt": [
      0.10565747320652008,
      0.11795759946107864
    ],
    "evr_pred": [
      0.3789014220237732,
      0.24924205243587494
    ]
  },
  "trust": {
    "gt": 0.7281065088757397,
    "pred": 0.9320828402366864
  },
  "mantel": {
    "gt": {
      "r": 0.5477868917472529,
      "p": 0.001
    },
    "pred": {
      "r": 0.9183566888444982,
      "p": 0.001
    },
    "combined": {
      "r": 0.909808786121846,
      "p": 0.001
    }
  }
}