{
  "reducer": "tica",
  "info": {
    "best_lag": 1,
    "vamp2_scores": {
      "1": 1.0167400976814305,
      "2": 1.0101976921189622,
      "5": 1.0058666766495423,
      "10": 1.0029034355834567,
      "20": 1.0014345175067965,
      "50": 1.0003489537936745
    },
    "values": [
      1.0,
      1.0
    ],
    "timescales": [
      1000022122209.0028,
      1000022122209.0028
    ]
  },
  "trust": {
    "gt": 0.7328165680473373,
    "pred": 0.7102011834319526
  },
  "mantel": {
    "gt": {
      "r": 0.28871527146927106,
      "p": 0.001
    },
    "pred": {
      "r": 0.11875541392753053,
      "p": 0.007
    },
    "combined": {
      "r": 0.5369465080994865,
      "p": 0.001
    }
  }
}