{
  "reducer": "tica",
  "info": {
    "best_lag": 1,
    "vamp2_scores": {
      "1": 6.777628521251262,
      "2": 6.298260054978857,
      "5": 5.640718164985991,
      "10": 5.156743071243551,
      "20": 4.535829057572862,
      "50": 3.6308699092529957
    },
    "values": [
      1.0,
      1.0
    ],
    "timescales": [
      1000022122209.0028,
      1000022122209.0028
    ]
  },
  "trust": {
    "gt": 0.7889822485207101,
    "pred": 0.686189349112426
  },
  "mantel": {
    "gt": {
      "r": 0.594607377699626,
      "p": 0.001
    },
    "pred": {
      "r": 0.2844511687809789,
      "p": 0.001
    },
    "combined": {
      "r": 0.30378171074732424,
      "p": 0.001
    }
  }
}