{
  "reducer": "kpca_rbf",
  "info": {},
  "trust": {
    "gt": 0.8714201183431953,
    "pred": 0.8296923076923077
  },
  "mantel": {
    "gt": {
      "r": 0.6689525494602904,
      "p": 0.001
    },
    "pred": {
      "r": 0.44092319713507105,
      "p": 0.001
    },
    "combined": {
      "r": 0.4318596053044771,
      "p": 0.001
    }
  }
}