{
  "reducer": "pca",
  "info": {
    "evr_fit": [
      0.7517804503440857,
      0.10986447334289551
    ],
    "evr_gt": [
      0.44360506534576416,
      0.2887227535247803
    ],
    "evr_pred": [
      0.45413264632225037,
      0.20763109624385834
    ]
  },
  "trust": {
    "gt": 0.9152662721893491,
    "pred": 0.878698224852071
  },
  "mantel": {
    "gt": {
      "r": 0.4179389615738591,
      "p": 0.001
    },
    "pred": {
      "r": 0.4130384503910357,
      "p": 0.001
    },
    "combined": {
      "r": 0.6731978387007559,
      "p": 0.001
    }
  }
}