{
  "reducer": "tica",
  "info": {
    "best_lag": 1,
    "vamp2_scores": {
      "1": 1.720090093618801,
      "2": 1.596154948371491,
      "5": 1.444136781499839,
      "10": 1.3717417883217833,
      "20": 1.2305955535568187,
      "50": 1.1279671882872273
    },
    "values": [
      1.0,
      1.0
    ],
    "timescales": [
      1000022122209.0028,
      1000022122209.0028
    ]
  },
  "trust": {
    "gt": 0.6980710059171598,
    "pred": 0.8015739644970414
  },
  "mantel": {
    "gt": {
      "r": 0.724410896862123,
      "p": 0.001
    },
    "pred": {
      "r": 0.8202417208401612,
      "p": 0.001
    },
    "combined": {
      "r": 0.8193051740989454,
      "p": 0.001
    }
  }
}