{
  "reducer": "kpca_cosine",
  "info": {},
  "trust": {
    "gt": 0.8759171597633136,
    "pred": 0.8190059171597633
  },
  "mantel": {
    "gt": {
      "r": 0.8938832358125712,
      "p": 0.001
    },
    "pred": {
      "r": 0.6937526863696212,
      "p": 0.001
    },
    "combined": {
      "r": 0.7686804703117616,
      "p": 0.001
    }
  }
}