{
  "reducer": "kpca_cosine",
  "info": {},
  "trust": {
    "gt": 0.9046390532544378,
    "pred": 0.8102366863905326
  },
  "mantel": {
    "gt": {
      "r": 0.897028692963065,
      "p": 0.001
    },
    "pred": {
      "r": 0.5011423826238227,
      "p": 0.001
    },
    "combined": {
      "r": 0.44963615780868216,
      "p": 0.001
    }
  }
}