{
  "reducer": "kpca_rbf",
  "info": {},
  "trust": {
    "gt": 0.8858816568047337,
    "pred": 0.8571597633136094
  },
  "mantel": {
    "gt": {
      "r": 0.5342385682744624,
      "p": 0.001
    },
    "pred": {
      "r": 0.3615031085568549,
      "p": 0.001
    },
    "combined": {
      "r": 0.40205157903108346,
      "p": 0.001
    }
  }
}