TCR_name,minimization_mode,total_score,tcr_chains,pmhc_chains,peptide_chain,mhc_only_chains,partners_tcr_pmhc,partners_pep_mhc,interface_dG_tcr_pmhc,dG_separated_tcr_pmhc,delta_sasa_tcr_pmhc,interface_dG_pep_mhc,dG_separated_pep_mhc,delta_sasa_pep_mhc,dE_binding_tcr_pmhc
Binding_donor3_row2_cand000001,none,18659.64035159162,AB,MP,P,M,MP_AB,M_P,4514.522594009326,4514.522594009326,1163.0235422354172,291.26601978122017,291.26601978122017,1775.113854184973,4514.522594008718
Binding_donor2_row1_cand000002,none,27162.117750884256,AB,MP,P,M,MP_AB,M_P,14438.1689809681,14438.1689809681,1498.3882244543145,196.72499609768875,196.72499609768875,1765.5727054266995,14438.168980968381
Binding_donor2_row0_cand000003,none,18719.87811575039,AB,MP,P,M,MP_AB,M_P,9863.650090572306,9863.650090572306,1748.5950112494158,317.11315075195444,317.11315075195444,1736.9701798318465,9863.650090572184
