TCR_name,minimization_mode,total_score,tcr_chains,pmhc_chains,peptide_chain,mhc_only_chains,partners_tcr_pmhc,partners_pep_mhc,interface_dG_tcr_pmhc,dG_separated_tcr_pmhc,delta_sasa_tcr_pmhc,interface_dG_pep_mhc,dG_separated_pep_mhc,delta_sasa_pep_mhc,dE_binding_tcr_pmhc,openmm_energy
Binding_donor2_row0_cand000003,openmm,-206.13139171512583,AB,MP,P,M,MP_AB,M_P,-41.47649634653152,-41.47649634653152,1829.5229499691354,-66.04441323758117,-66.04441323758117,1781.15356218299,-41.47649634631162,-50966.90015710919 kJ/mol
Binding_donor2_row1_cand000002,openmm,211.77835736140173,AB,MP,P,M,MP_AB,M_P,322.71546070758546,322.71546070758546,1732.031821133951,-67.14827095262261,-67.14827095262261,1778.3080782117845,322.7154607074174,-44355.95529432308 kJ/mol
Binding_donor3_row2_cand000001,openmm,-225.48805676831063,AB,MP,P,M,MP_AB,M_P,-26.33152948627449,-26.33152948627449,1387.762352716095,-55.30576916893837,-55.30576916893837,1616.923827521327,-26.33152948597592,-50954.15234042602 kJ/mol
