{
  "reducer": "pca",
  "info": {
    "evr_fit": [
      0.4554712176322937,
      0.20969772338867188
    ],
    "evr_gt": [
      0.1515578180551529,
      0.13753977417945862
    ],
    "evr_pred": [
      0.2935182452201843,
      0.29126566648483276
    ]
  },
  "trust": {
    "gt": 0.7656923076923077,
    "pred": 0.9143905325443787
  },
  "mantel": {
    "gt": {
      "r": 0.6993180158196245,
      "p": 0.001
    },
    "pred": {
      "r": 0.8612959578817616,
      "p": 0.001
    },
    "combined": {
      "r": 0.9270631091874174,
      "p": 0.001
    }
  }
}