{
  "reducer": "kpca_cosine",
  "info": {},
  "trust": {
    "gt": 0.8393136094674556,
    "pred": 0.7014674556213019
  },
  "mantel": {
    "gt": {
      "r": 0.6437970937128743,
      "p": 0.001
    },
    "pred": {
      "r": 0.21200355694391465,
      "p": 0.001
    },
    "combined": {
      "r": 0.23078174368014126,
      "p": 0.001
    }
  }
}