{
  "reducer": "kpca_rbf",
  "info": {},
  "trust": {
    "gt": 0.887905325443787,
    "pred": 0.7728994082840237
  },
  "mantel": {
    "gt": {
      "r": 0.5458887352168839,
      "p": 0.001
    },
    "pred": {
      "r": 0.2525518869810127,
      "p": 0.001
    },
    "combined": {
      "r": 0.18774381772964693,
      "p": 0.001
    }
  }
}