{
  "reducer": "kpca_rbf",
  "info": {},
  "trust": {
    "gt": 0.9603076923076923,
    "pred": 0.9055976331360946
  },
  "mantel": {
    "gt": {
      "r": 0.1813462962450922,
      "p": 0.001
    },
    "pred": {
      "r": -0.025857646417872877,
      "p": 0.718
    },
    "combined": {
      "r": 0.1413419609715114,
      "p": 0.001
    }
  }
}