{
  "reducer": "kpca_poly",
  "info": {},
  "trust": {
    "gt": 0.8578343195266273,
    "pred": 0.908414201183432
  },
  "mantel": {
    "gt": {
      "r": 0.6506254329140374,
      "p": 0.001
    },
    "pred": {
      "r": 0.7280360791564002,
      "p": 0.001
    },
    "combined": {
      "r": 0.6787399098617293,
      "p": 0.001
    }
  }
}