{
  "reducer": "tica",
  "info": {
    "best_lag": 1,
    "vamp2_scores": {
      "1": 2.2569356885681175,
      "2": 2.155364049945007,
      "5": 2.0153116489304046,
      "10": 1.8655870316974839,
      "20": 1.644488098171847,
      "50": 1.2808355954984165
    },
    "values": [
      1.0,
      1.0
    ],
    "timescales": [
      1000022122209.0028,
      1000022122209.0028
    ]
  },
  "trust": {
    "gt": 0.7402958579881657,
    "pred": 0.638887573964497
  },
  "mantel": {
    "gt": {
      "r": 0.5788495476477473,
      "p": 0.001
    },
    "pred": {
      "r": 0.4270320093148699,
      "p": 0.001
    },
    "combined": {
      "r": 0.6275087323828829,
      "p": 0.001
    }
  }
}