TCR_name,minimization_mode,total_score,tcr_chains,pmhc_chains,peptide_chain,mhc_only_chains,partners_tcr_pmhc,partners_pep_mhc,interface_dG_tcr_pmhc,dG_separated_tcr_pmhc,delta_sasa_tcr_pmhc,interface_dG_pep_mhc,dG_separated_pep_mhc,delta_sasa_pep_mhc,dE_binding_tcr_pmhc,openmm_energy
Binding_donor2_row0_cand000003,openmm,-240.842600182519,AB,MP,P,M,MP_AB,M_P,-35.001488974931874,-35.001488974931874,1856.5434238027733,-74.5331093724072,-74.5331093724072,1815.6999810784355,-35.00148897460508,-50907.92975961219 kJ/mol
Binding_donor2_row1_cand000002,openmm,224.99187695554403,AB,MP,P,M,MP_AB,M_P,327.3951519076365,327.3951519076365,1750.0286091829662,-62.42142616576636,-62.42142616576636,1790.9333323565963,327.3951519073552,-44654.071082556606 kJ/mol
Binding_donor3_row2_cand000001,openmm,-154.68833992122114,AB,MP,P,M,MP_AB,M_P,-25.512461144214058,-25.512461144214058,1344.5967920855824,-63.204756670009786,-63.204756670009786,1600.7869554074646,-25.51246114408076,-50803.243056511616 kJ/mol
