{
  "reducer": "diffmap",
  "info": {
    "diffmap_evals": [
      0.10666897892951965,
      0.05724756419658661
    ],
    "epsilon": 6.354712082768174
  },
  "trust": {
    "gt": 0.777396449704142,
    "pred": 0.9096213017751479
  },
  "mantel": {
    "gt": {
      "r": 0.6825038323616082,
      "p": 0.001
    },
    "pred": {
      "r": 0.5633646470180942,
      "p": 0.001
    },
    "combined": {
      "r": 0.6732595293209618,
      "p": 0.001
    }
  }
}