{
  "reducer": "pca",
  "info": {
    "evr_fit": [
      0.48510506749153137,
      0.3428773581981659
    ],
    "evr_gt": [
      0.2108401209115982,
      0.36381828784942627
    ],
    "evr_pred": [
      0.23878708481788635,
      0.5415033102035522
    ]
  },
  "trust": {
    "gt": 0.8679526627218935,
    "pred": 0.9490650887573965
  },
  "mantel": {
    "gt": {
      "r": 0.665661428032845,
      "p": 0.001
    },
    "pred": {
      "r": 0.86708611598933,
      "p": 0.001
    },
    "combined": {
      "r": 0.9097541628363673,
      "p": 0.001
    }
  }
}