{
  "reducer": "pca",
  "info": {
    "evr_fit": [
      0.7214252352714539,
      0.06287602335214615
    ],
    "evr_gt": [
      0.03023984283208847,
      0.3275943994522095
    ],
    "evr_pred": [
      0.10822516679763794,
      0.12625576555728912
    ]
  },
  "trust": {
    "gt": 0.8386272189349112,
    "pred": 0.7261301775147929
  },
  "mantel": {
    "gt": {
      "r": 0.23979741969617183,
      "p": 0.001
    },
    "pred": {
      "r": 0.11333122960381833,
      "p": 0.011
    },
    "combined": {
      "r": 0.5737143692505541,
      "p": 0.001
    }
  }
}