{
  "reducer": "pca",
  "info": {
    "evr_fit": [
      0.3270639479160309,
      0.08867776393890381
    ],
    "evr_gt": [
      0.02138196863234043,
      0.018331805244088173
    ],
    "evr_pred": [
      0.0960935652256012,
      0.15238294005393982
    ]
  },
  "trust": {
    "gt": 0.6649704142011834,
    "pred": 0.8393136094674556
  },
  "mantel": {
    "gt": {
      "r": 0.4290710543088975,
      "p": 0.001
    },
    "pred": {
      "r": 0.6581872699247132,
      "p": 0.001
    },
    "combined": {
      "r": 0.8763495324312554,
      "p": 0.001
    }
  }
}