state,label_col,encoding,n_samples,n_classes,F_obs,p_perm_F,cv_macro_f1,cv_bal_acc,cv_mcc,perm_p_macro_f1,pca_var_PC1,pca_var_PC2
bound,germline_vj_pair,raw_deg,163,14,104.50007026096048,0.002,0.9156364244186452,0.917100558171987,0.9172995034887077,0.008264462809917356,,
bound,germline_vj_pair,zscore_raw_deg,163,14,77.98947026640771,0.002,0.9156364244186452,0.917100558171987,0.9172995034887077,0.008264462809917356,,
bound,germline_vj_pair,sincos,163,14,36.93686723359875,0.002,0.9263822330551655,0.9266243676957965,0.9308540249621666,0.008264462809917356,,
bound,germline_vj_pair,zscore_sincos,163,14,88.4269418658706,0.002,0.9263822330551655,0.9266243676957965,0.9308540249621666,0.008264462809917356,,
bound,germline_vj_pair,pca_raw__fit_within_state,163,14,80.43805781725406,0.002,0.8817780209173847,0.8913069073783361,0.8964188001466098,0.008264462809917356,0.40842102607988273,0.22467001991014315
bound,germline_vj_pair,pca_sincos__fit_within_state,163,14,92.48428704205867,0.002,0.9050065592962989,0.9151164311878599,0.9171172933899704,0.008264462809917356,0.43301052862042866,0.23873159752488127
bound,germline_vj_pair,randproj_sincos,163,14,86.36526094619727,0.002,0.8718708116756682,0.878806907378336,0.8900018223579325,0.008264462809917356,,
bound,germline_vj_pair,kernel_pca_rbf_sincos,163,14,93.1948927072992,0.002,0.9043871954913978,0.9171005581719868,0.9170959966881322,0.008264462809917356,,
