{
  "reducer": "diffmap",
  "info": {
    "diffmap_evals": [
      0.14004260301589966,
      0.04461392015218735
    ],
    "epsilon": 62.786402275604814
  },
  "trust": {
    "gt": 0.8624023668639054,
    "pred": 0.9284023668639053
  },
  "mantel": {
    "gt": {
      "r": 0.8660197372145724,
      "p": 0.001
    },
    "pred": {
      "r": 0.7506097021148626,
      "p": 0.001
    },
    "combined": {
      "r": 0.8004136262381554,
      "p": 0.001
    }
  }
}