TCR_name,minimization_mode,total_score,tcr_chains,pmhc_chains,peptide_chain,mhc_only_chains,partners_tcr_pmhc,partners_pep_mhc,interface_dG_tcr_pmhc,dG_separated_tcr_pmhc,delta_sasa_tcr_pmhc,interface_dG_pep_mhc,dG_separated_pep_mhc,delta_sasa_pep_mhc,dE_binding_tcr_pmhc,openmm_energy
Binding_donor1_row0_cand000001,openmm,-359.92685228839656,AB,MP,P,M,MP_AB,M_P,-39.459956676392665,-39.459956676392665,1976.8615355133566,-67.3110654170745,-67.3110654170745,1952.971282543605,-39.459956676435866,-53256.10334239686 kJ/mol
Binding_donor1_row1_cand000002,openmm,291.11084168895513,AB,MP,P,M,MP_AB,M_P,-46.595504976671634,-46.595504976671634,2080.2581759196264,-72.51816301114806,-72.51816301114806,1901.293378814209,-46.59550497635706,-44987.897563269406 kJ/mol
Binding_donor1_row2_cand000003,openmm,172.23918305401344,AB,MP,P,M,MP_AB,M_P,266.2897037232807,266.2897037232807,2219.31309528207,-60.98366678422174,-60.98366678422174,1901.5209076925178,266.28970372343866,-48821.738371168634 kJ/mol
Binding_donor2_row3_cand000004,openmm,-296.9663556875893,AB,MP,P,M,MP_AB,M_P,-33.05552206608212,-33.05552206608212,1963.9265591179962,-66.81119253532253,-66.81119253532253,2009.084494538358,-33.05552206621729,-50760.96422796472 kJ/mol
Binding_donor2_row6_cand000007,openmm,-360.4630358627022,AB,MP,P,M,MP_AB,M_P,-35.93011378054382,-35.93011378054382,1866.9325621099301,-61.18789374080055,-61.18789374080055,1894.9087084287899,-35.93011378078046,-54153.849191015004 kJ/mol
Binding_donor2_row7_cand000008,openmm,-207.00954484799166,AB,MP,P,M,MP_AB,M_P,-43.39640054395878,-43.39640054395878,2134.7243556058584,-66.28115271627166,-66.28115271627166,1987.0544600274952,-43.3964005438246,-54568.18988604021 kJ/mol
Binding_donor4_row11_cand000012,openmm,-88.91943419568098,AB,MP,P,M,MP_AB,M_P,-15.214432757807572,-15.214432757807572,949.1013205882564,-63.129779657477236,-63.129779657477236,1973.619590306287,-15.214432757531142,-53546.62045635477 kJ/mol
