TCR_name,minimization_mode,total_score,tcr_chains,pmhc_chains,peptide_chain,mhc_only_chains,partners_tcr_pmhc,partners_pep_mhc,interface_dG_tcr_pmhc,dG_separated_tcr_pmhc,delta_sasa_tcr_pmhc,interface_dG_pep_mhc,dG_separated_pep_mhc,delta_sasa_pep_mhc,dE_binding_tcr_pmhc
Binding_donor1_row2_cand000003,rosetta_sidechain,5915.623029935373,AB,MP,P,M,MP_AB,M_P,691.0665682667232,691.0665682667232,673.1655337928237,0.0,0.0,0.0,691.0665682664494
Binding_donor2_row3_cand000004,rosetta_sidechain,1908.1721166458167,AB,MP,P,M,MP_AB,M_P,629.1342040870641,629.1342040870641,136.18912751576312,0.0,0.0,0.0,629.1342040868346
Binding_donor1_row1_cand000002,rosetta_sidechain,10031.786793754649,AB,MP,P,M,MP_AB,M_P,1303.669279678159,1303.669279678159,912.9738816151089,4106.551798951294,4106.551798951294,504.5728793661574,1303.66927967819
Binding_donor1_row0_cand000001,rosetta_sidechain,2579.6128019806642,AB,MP,P,M,MP_AB,M_P,1953.2483944627652,1953.2483944627652,1736.6473947614732,-4.567835404682825,-4.567835404682825,1408.641866184044,1953.2483944628543
Binding_donor2_row6_cand000007,rosetta_sidechain,289.48504386158146,AB,MP,P,M,MP_AB,M_P,4.604316927725449e-12,4.604316927725449e-12,0.0,0.0,0.0,0.0,3.126388037344441e-12
Binding_donor4_row11_cand000012,rosetta_sidechain,13661.965464481964,AB,MP,P,M,MP_AB,M_P,3183.4241614293915,3183.4241614293915,969.7086247490447,719.7288615667585,719.7288615667585,727.8448298162518,3183.4241614295206
Binding_donor2_row7_cand000008,rosetta_sidechain,412.091036735016,AB,MP,P,M,MP_AB,M_P,0.1279596105439964,0.1279596105439964,191.16685157022545,-8.468692985404338,-8.468692985404338,1390.3130389411108,0.1279596105569567
