{
  "reducer": "kpca_poly",
  "info": {},
  "trust": {
    "gt": 0.8666508875739645,
    "pred": 0.7370532544378698
  },
  "mantel": {
    "gt": {
      "r": 0.8224547207481425,
      "p": 0.001
    },
    "pred": {
      "r": 0.3279829201290797,
      "p": 0.001
    },
    "combined": {
      "r": 0.48177445678959696,
      "p": 0.001
    }
  }
}