{
  "reducer": "tica",
  "info": {
    "best_lag": 1,
    "vamp2_scores": {
      "1": 7.030448556645148,
      "2": 6.557643450337403,
      "5": 5.890161293283333,
      "10": 5.374971492958249,
      "20": 4.811795250695709,
      "50": 4.147090611636928
    },
    "values": [
      1.0,
      1.0
    ],
    "timescales": [
      1000022122209.0028,
      1000022122209.0028
    ]
  },
  "trust": {
    "gt": 0.8644023668639054,
    "pred": 0.6907810650887574
  },
  "mantel": {
    "gt": {
      "r": 0.7869249852467677,
      "p": 0.001
    },
    "pred": {
      "r": 0.32546485306257594,
      "p": 0.001
    },
    "combined": {
      "r": 0.31573278739134675,
      "p": 0.001
    }
  }
}