{
  "reducer": "kpca_poly",
  "info": {},
  "trust": {
    "gt": 0.8729704142011834,
    "pred": 0.9074556213017752
  },
  "mantel": {
    "gt": {
      "r": 0.9306614618458829,
      "p": 0.001
    },
    "pred": {
      "r": 0.8696515867699312,
      "p": 0.001
    },
    "combined": {
      "r": 0.9012530137212899,
      "p": 0.001
    }
  }
}