{
  "reducer": "kpca_poly",
  "info": {},
  "trust": {
    "gt": 0.9000946745562131,
    "pred": 0.9485917159763314
  },
  "mantel": {
    "gt": {
      "r": 0.49157251678269437,
      "p": 0.001
    },
    "pred": {
      "r": 0.5697228773712152,
      "p": 0.001
    },
    "combined": {
      "r": 0.7330964419298358,
      "p": 0.001
    }
  }
}