TCR_name,minimization_mode,total_score,tcr_chains,pmhc_chains,peptide_chain,mhc_only_chains,partners_tcr_pmhc,partners_pep_mhc,interface_dG_tcr_pmhc,dG_separated_tcr_pmhc,delta_sasa_tcr_pmhc,interface_dG_pep_mhc,dG_separated_pep_mhc,delta_sasa_pep_mhc,dE_binding_tcr_pmhc
Binding_donor3_row0_cand000003,none,36547.02731067584,AB,MP,P,M,MP_AB,M_P,21801.127571483492,21801.127571483492,2089.110695325252,2184.35052133398,2184.35052133398,2111.7601898512526,21801.127571483976
Binding_donor3_row1_cand000002,none,14493.84018253179,AB,MP,P,M,MP_AB,M_P,6044.763817681431,6044.763817681431,1978.933435260947,417.105473702856,417.105473702856,2140.964706654684,6044.763817681178
Binding_donor4_row2_cand000001,none,15949.155093453677,AB,MP,P,M,MP_AB,M_P,8871.543354229974,8871.543354229974,1923.1335913156252,1036.22135262051,1036.22135262051,2155.9554481983287,8871.54335423014
