TCR_name,minimization_mode,total_score,tcr_chains,pmhc_chains,peptide_chain,mhc_only_chains,partners_tcr_pmhc,partners_pep_mhc,interface_dG_tcr_pmhc,dG_separated_tcr_pmhc,delta_sasa_tcr_pmhc,interface_dG_pep_mhc,dG_separated_pep_mhc,delta_sasa_pep_mhc,dE_binding_tcr_pmhc,openmm_energy
Binding_donor3_row1_cand000002,openmm,-295.58887704689073,AB,MP,P,M,MP_AB,M_P,-49.27609971760731,-49.27609971760731,1915.6793366224713,-74.87816398189597,-74.87816398189597,2039.4803653321828,-49.27609971739679,-59160.570340886836 kJ/mol
Binding_donor3_row0_cand000003,openmm,319.04267726999814,AB,MP,P,M,MP_AB,M_P,355.0983177169418,355.0983177169418,2521.0105391273946,-55.460014803339234,-55.460014803339234,2039.5889635967515,355.0983177165207,-48280.22561766502 kJ/mol
Binding_donor4_row2_cand000001,openmm,-409.7139375464011,AB,MP,P,M,MP_AB,M_P,-34.350147576485824,-34.350147576485824,1982.7083109373493,-73.00300541109874,-73.00300541109874,2027.5230525706183,-34.350147576284826,-57930.63929497409 kJ/mol
