{
  "reducer": "kpca_cosine",
  "info": {},
  "trust": {
    "gt": 0.8688994082840237,
    "pred": 0.712094674556213
  },
  "mantel": {
    "gt": {
      "r": 0.8249678135124374,
      "p": 0.001
    },
    "pred": {
      "r": 0.33488085436530574,
      "p": 0.001
    },
    "combined": {
      "r": 0.5005639289382605,
      "p": 0.001
    }
  }
}