{
  "reducer": "pca",
  "info": {
    "evr_fit": [
      0.7550895810127258,
      0.08431460708379745
    ],
    "evr_gt": [
      0.7915119528770447,
      0.08868859708309174
    ],
    "evr_pred": [
      0.23423877358436584,
      0.11944593489170074
    ]
  },
  "trust": {
    "gt": 0.9368047337278107,
    "pred": 0.9508994082840236
  },
  "mantel": {
    "gt": {
      "r": 0.9463770795807068,
      "p": 0.001
    },
    "pred": {
      "r": 0.9553846990681987,
      "p": 0.001
    },
    "combined": {
      "r": 0.908624733614521,
      "p": 0.001
    }
  }
}