{
  "reducer": "diffmap",
  "info": {
    "diffmap_evals": [
      0.12853607535362244,
      0.07592442631721497
    ],
    "epsilon": 183.91667687568406
  },
  "trust": {
    "gt": 0.958792899408284,
    "pred": 0.9520236686390533
  },
  "mantel": {
    "gt": {
      "r": 0.8504463541009346,
      "p": 0.001
    },
    "pred": {
      "r": 0.7079096989331983,
      "p": 0.001
    },
    "combined": {
      "r": 0.7112436705010622,
      "p": 0.001
    }
  }
}