TCR_name,minimization_mode,total_score,tcr_chains,pmhc_chains,peptide_chain,mhc_only_chains,partners_tcr_pmhc,partners_pep_mhc,interface_dG_tcr_pmhc,dG_separated_tcr_pmhc,delta_sasa_tcr_pmhc,interface_dG_pep_mhc,dG_separated_pep_mhc,delta_sasa_pep_mhc,dE_binding_tcr_pmhc,openmm_energy
Binding_donor1_row0_cand000001,openmm,-358.57525084457063,AB,MP,P,M,MP_AB,M_P,-55.64069900855816,-55.64069900855816,2056.2695096511197,-64.95625987407355,-64.95625987407355,1798.2622413813822,-55.64069900826894,-56833.967718835906 kJ/mol
Binding_donor1_row2_cand000003,openmm,-196.8754646443756,AB,MP,P,M,MP_AB,M_P,-46.75313440727291,-46.75313440727291,2164.1974204035296,-56.25429331704035,-56.25429331704035,1793.944506251458,-46.75313440757776,-54416.98224026836 kJ/mol
Binding_donor3_row4_cand000005,openmm,-270.74269240364947,AB,MP,P,M,MP_AB,M_P,-34.68019535376624,-34.68019535376624,1842.439643070956,-64.48055561448498,-64.48055561448498,1785.356113339301,-34.680195353927644,-53484.91620076197 kJ/mol
