TCR_name,minimization_mode,total_score,tcr_chains,pmhc_chains,peptide_chain,mhc_only_chains,partners_tcr_pmhc,partners_pep_mhc,interface_dG_tcr_pmhc,dG_separated_tcr_pmhc,delta_sasa_tcr_pmhc,interface_dG_pep_mhc,dG_separated_pep_mhc,delta_sasa_pep_mhc,dE_binding_tcr_pmhc
Binding_donor1_row2_cand000003,rosetta_sidechain,27912.885188646655,AB,MP,P,M,MP_AB,M_P,26999.747810127512,26999.747810127512,1450.6362488303166,0.0,0.0,0.0,26999.747810127225
Binding_donor1_row0_cand000001,rosetta_sidechain,1335.3546695859939,AB,MP,P,M,MP_AB,M_P,-0.46636359560602614,-0.46636359560602614,326.46528714807323,-1.0548735063448476,-1.0548735063448476,61.02811346750144,-0.46636359524495674
Binding_donor3_row4_cand000005,rosetta_sidechain,35935.65092585127,AB,MP,P,M,MP_AB,M_P,32245.686164023457,32245.686164023457,2647.775819524656,2183.2113207365437,2183.2113207365437,903.8243614699265,32245.686164023264
