{
  "reducer": "tica",
  "info": {
    "best_lag": 1,
    "vamp2_scores": {
      "1": 6.389014778416752,
      "2": 5.688309496772804,
      "5": 4.693541506475347,
      "10": 3.9739467771857933,
      "20": 3.315369590538436,
      "50": 2.737433551222977
    },
    "values": [
      1.0,
      1.0
    ],
    "timescales": [
      1000022122209.0028,
      1000022122209.0028
    ]
  },
  "trust": {
    "gt": 0.8446153846153847,
    "pred": 0.7119763313609467
  },
  "mantel": {
    "gt": {
      "r": 0.652697913843189,
      "p": 0.001
    },
    "pred": {
      "r": 0.20698591711852696,
      "p": 0.001
    },
    "combined": {
      "r": 0.26570323377412663,
      "p": 0.001
    }
  }
}