{
  "reducer": "pca",
  "info": {
    "evr_fit": [
      0.47302278876304626,
      0.21019133925437927
    ],
    "evr_gt": [
      0.21093076467514038,
      0.30817291140556335
    ],
    "evr_pred": [
      0.151328906416893,
      0.34174641966819763
    ]
  },
  "trust": {
    "gt": 0.8309467455621302,
    "pred": 0.9151597633136095
  },
  "mantel": {
    "gt": {
      "r": 0.5868678039505791,
      "p": 0.001
    },
    "pred": {
      "r": 0.32539288373116115,
      "p": 0.001
    },
    "combined": {
      "r": 0.5421760087351482,
      "p": 0.001
    }
  }
}