{
  "reducer": "kpca_cosine",
  "info": {},
  "trust": {
    "gt": 0.8624970414201183,
    "pred": 0.8826272189349113
  },
  "mantel": {
    "gt": {
      "r": 0.8525574293358187,
      "p": 0.001
    },
    "pred": {
      "r": 0.7037518738369768,
      "p": 0.001
    },
    "combined": {
      "r": 0.7499103850764605,
      "p": 0.001
    }
  }
}