TCR_name,minimization_mode,total_score,tcr_chains,pmhc_chains,peptide_chain,mhc_only_chains,partners_tcr_pmhc,partners_pep_mhc,interface_dG_tcr_pmhc,dG_separated_tcr_pmhc,delta_sasa_tcr_pmhc,interface_dG_pep_mhc,dG_separated_pep_mhc,delta_sasa_pep_mhc,dE_binding_tcr_pmhc
Binding_donor3_row4_cand000007,none,22883.861320662287,AB,MP,P,M,MP_AB,M_P,3937.9858238951274,3937.9858238951274,1334.8255313617074,1440.5775887704594,1440.5775887704594,1925.1008178502082,3937.9858238946144
Binding_donor1_row2_cand000001,none,20649.382506047314,AB,MP,P,M,MP_AB,M_P,7906.914596236918,7906.914596236918,1624.6065186640012,1573.8561916576182,1573.8561916576182,1877.1310484066184,7906.914596236948
Binding_donor1_row1_cand000006,none,18798.02402443894,AB,MP,P,M,MP_AB,M_P,3791.142626544515,3791.142626544515,1790.1693125372808,2147.6187959453137,2147.6187959453137,1864.7040481507947,3791.142626544144
Binding_donor3_row3_cand000005,none,29817.82938357375,AB,MP,P,M,MP_AB,M_P,10418.128483488817,10418.128483488817,1799.5018595433562,1817.442537126607,1817.442537126607,1895.4847911942506,10418.128483489483
Binding_donor3_row6_cand000004,none,16817.316219326673,AB,MP,P,M,MP_AB,M_P,5025.626008717592,5025.626008717592,1847.3370136809947,1600.80058641172,1600.80058641172,1886.5580060896982,5025.626008717438
