TCR_name,minimization_mode,total_score,tcr_chains,pmhc_chains,peptide_chain,mhc_only_chains,partners_tcr_pmhc,partners_pep_mhc,interface_dG_tcr_pmhc,dG_separated_tcr_pmhc,delta_sasa_tcr_pmhc,interface_dG_pep_mhc,dG_separated_pep_mhc,delta_sasa_pep_mhc,dE_binding_tcr_pmhc,openmm_energy
Binding_donor1_row2_cand000001,openmm,-172.51408572616918,AB,MP,P,M,MP_AB,M_P,-35.86307169435199,-35.86307169435199,1746.6562762452436,-67.08625063806927,-67.08625063806927,1981.6340181191422,-35.86307169436867,-52595.729101731726 kJ/mol
Binding_donor1_row1_cand000006,openmm,-221.08670209130509,AB,MP,P,M,MP_AB,M_P,-40.471388215463406,-40.471388215463406,1933.3051529997188,-70.05457649220253,-70.05457649220253,1860.2206153401964,-40.4713882155211,-53785.279855439294 kJ/mol
Binding_donor3_row4_cand000007,openmm,-158.25519540176808,AB,MP,P,M,MP_AB,M_P,-28.40354639007785,-28.40354639007785,1640.698477638446,-57.65533428330478,-57.65533428330478,1732.5733463802228,-28.4035463901252,-53256.76789074949 kJ/mol
Binding_donor3_row3_cand000005,openmm,764.6335605320546,AB,MP,P,M,MP_AB,M_P,304.4348561455278,304.4348561455278,2272.3037115625148,-62.73050997991347,-62.73050997991347,1803.184333610648,304.4348561458899,-35118.296851016945 kJ/mol
Binding_donor3_row6_cand000004,openmm,-267.47397059882894,AB,MP,P,M,MP_AB,M_P,-52.63214783648729,-52.63214783648729,2021.7991017838538,-56.24342091702954,-56.24342091702954,1932.6213717838818,-52.63214783667337,-54948.19040830046 kJ/mol
