{
  "reducer": "kpca_rbf",
  "info": {},
  "trust": {
    "gt": 0.8735147928994083,
    "pred": 0.8500710059171598
  },
  "mantel": {
    "gt": {
      "r": 0.6234642006924702,
      "p": 0.001
    },
    "pred": {
      "r": 0.3166752423757428,
      "p": 0.001
    },
    "combined": {
      "r": 0.30980019253250235,
      "p": 0.001
    }
  }
}