TCR_name,minimization_mode,total_score,tcr_chains,pmhc_chains,peptide_chain,mhc_only_chains,partners_tcr_pmhc,partners_pep_mhc,interface_dG_tcr_pmhc,dG_separated_tcr_pmhc,delta_sasa_tcr_pmhc,interface_dG_pep_mhc,dG_separated_pep_mhc,delta_sasa_pep_mhc,dE_binding_tcr_pmhc
Binding_donor1_row0_cand000001,none,10749.927715732161,AB,MP,P,M,MP_AB,M_P,2476.5299321841812,2476.5299321841812,1744.9689074384526,2118.232451636467,2118.232451636467,1667.7354816793545,2476.529932184041
Binding_donor3_row2_cand000003,none,12544.44390687331,AB,MP,P,M,MP_AB,M_P,2852.698784828137,2852.698784828137,1820.6453676354513,2032.915366892016,2032.915366892016,1740.5744941767252,2852.698784828337
Binding_donor4_row4_cand000005,none,10283.512517490486,AB,MP,P,M,MP_AB,M_P,4180.069947738488,4180.069947738488,1911.7858716411592,2223.077239476029,2223.077239476029,1710.8558654318065,4180.069947738658
Binding_donor2_row1_cand000002,none,13972.503402063383,AB,MP,P,M,MP_AB,M_P,8203.214619547229,8203.214619547229,1988.922621673736,1962.2571740348037,1962.2571740348037,1760.9956609120434,8203.214619547438
