TCR_name,minimization_mode,total_score,tcr_chains,pmhc_chains,peptide_chain,mhc_only_chains,partners_tcr_pmhc,partners_pep_mhc,interface_dG_tcr_pmhc,dG_separated_tcr_pmhc,delta_sasa_tcr_pmhc,interface_dG_pep_mhc,dG_separated_pep_mhc,delta_sasa_pep_mhc,dE_binding_tcr_pmhc,openmm_energy
Binding_donor2_row1_cand000002,openmm,-356.02985660010665,AB,MP,P,M,MP_AB,M_P,-48.17727748229652,-48.17727748229652,2157.2211919999495,-71.67946527883869,-71.67946527883869,1722.3550719283267,-48.177277481636565,-50557.72556001747 kJ/mol
Binding_donor1_row0_cand000001,openmm,-272.4349645601369,AB,MP,P,M,MP_AB,M_P,-42.99910501320687,-42.99910501320687,1974.9820796476015,-62.823174674564484,-62.823174674564484,1689.8523172316834,-42.999105013362254,-52593.447894345896 kJ/mol
Binding_donor4_row4_cand000005,openmm,-370.08484566096496,AB,MP,P,M,MP_AB,M_P,-52.67485572166311,-52.67485572166311,1921.0929368401557,-58.88867389132152,-58.88867389132152,1753.78264174959,-52.674855722228926,-56470.67989821149 kJ/mol
Binding_donor3_row2_cand000003,openmm,-342.2130913367601,AB,MP,P,M,MP_AB,M_P,-40.56921978862829,-40.56921978862829,1918.3370541942377,-72.21882179000026,-72.21882179000026,1791.1377298045522,-40.56921978862454,-51185.043239052255 kJ/mol
