TCR_name,minimization_mode,total_score,tcr_chains,pmhc_chains,peptide_chain,mhc_only_chains,partners_tcr_pmhc,partners_pep_mhc,interface_dG_tcr_pmhc,dG_separated_tcr_pmhc,delta_sasa_tcr_pmhc,interface_dG_pep_mhc,dG_separated_pep_mhc,delta_sasa_pep_mhc,dE_binding_tcr_pmhc
Binding_donor1_row0_cand000001,rosetta_sidechain,31011.52862178164,AB,MP,P,M,MP_AB,M_P,12396.466460727832,12396.466460727832,1636.0927166398299,18263.319767512967,18263.319767512967,1161.6626275689387,12396.4664607277
Binding_donor2_row1_cand000002,rosetta_sidechain,366.0210242443879,AB,MP,P,M,MP_AB,M_P,-9.496670375398878,-9.496670375398878,1050.5209606161316,-37.65379239702962,-37.65379239702962,1764.2300662967446,-9.496670375254439
Binding_donor4_row4_cand000005,rosetta_sidechain,8085.47625975836,AB,MP,P,M,MP_AB,M_P,7848.8546450414215,7848.8546450414215,1838.682127602846,-42.78439344445138,-42.78439344445138,1824.5764153733223,7848.854645042009
Binding_donor3_row2_cand000003,rosetta_sidechain,-22.80100260669748,AB,MP,P,M,MP_AB,M_P,-9.332459690047898,-9.332459690047898,706.2277324493915,-28.48541347568107,-28.48541347568107,1711.5631891999983,-9.332459689991147
