{
  "reducer": "diffmap",
  "info": {
    "diffmap_evals": [
      0.9984996914863586,
      0.07607795298099518
    ],
    "epsilon": 6.328907747105461
  },
  "trust": {
    "gt": 0.802319526627219,
    "pred": 0.7781420118343195
  },
  "mantel": {
    "gt": {
      "r": 0.7567962093815003,
      "p": 0.001
    },
    "pred": {
      "r": 0.8542032671073388,
      "p": 0.001
    },
    "combined": {
      "r": 0.9490798959408568,
      "p": 0.001
    }
  }
}