{
  "reducer": "kpca_poly",
  "info": {},
  "trust": {
    "gt": 0.9402248520710059,
    "pred": 0.9007692307692308
  },
  "mantel": {
    "gt": {
      "r": 0.7460217866796812,
      "p": 0.001
    },
    "pred": {
      "r": 0.6792191488544082,
      "p": 0.001
    },
    "combined": {
      "r": 0.663581600183448,
      "p": 0.001
    }
  }
}