{
  "reducer": "kpca_rbf",
  "info": {},
  "trust": {
    "gt": 0.8728402366863905,
    "pred": 0.7931124260355029
  },
  "mantel": {
    "gt": {
      "r": 0.3387594167296722,
      "p": 0.001
    },
    "pred": {
      "r": 0.04335389128103559,
      "p": 0.111
    },
    "combined": {
      "r": 0.08943327603526224,
      "p": 0.002
    }
  }
}