{
  "reducer": "pca",
  "info": {
    "evr_fit": [
      0.3700641095638275,
      0.18785394728183746
    ],
    "evr_gt": [
      0.3273276686668396,
      0.15041564404964447
    ],
    "evr_pred": [
      0.4169565737247467,
      0.1264319121837616
    ]
  },
  "trust": {
    "gt": 0.7844378698224852,
    "pred": 0.9121301775147929
  },
  "mantel": {
    "gt": {
      "r": 0.6895055646543671,
      "p": 0.001
    },
    "pred": {
      "r": 0.5862685258017767,
      "p": 0.001
    },
    "combined": {
      "r": 0.6901964775472604,
      "p": 0.001
    }
  }
}