{
  "reducer": "kpca_cosine",
  "info": {},
  "trust": {
    "gt": 0.8733846153846154,
    "pred": 0.9101538461538462
  },
  "mantel": {
    "gt": {
      "r": 0.9307199467153462,
      "p": 0.001
    },
    "pred": {
      "r": 0.8713882507440227,
      "p": 0.001
    },
    "combined": {
      "r": 0.9031852397005086,
      "p": 0.001
    }
  }
}