{
  "reducer": "kpca_cosine",
  "info": {},
  "trust": {
    "gt": 0.9160710059171597,
    "pred": 0.8176568047337278
  },
  "mantel": {
    "gt": {
      "r": 0.9040142241928895,
      "p": 0.001
    },
    "pred": {
      "r": 0.5701152856397659,
      "p": 0.001
    },
    "combined": {
      "r": 0.6885718014922294,
      "p": 0.001
    }
  }
}