{
  "reducer": "kpca_rbf",
  "info": {},
  "trust": {
    "gt": 0.8927100591715976,
    "pred": 0.7873254437869822
  },
  "mantel": {
    "gt": {
      "r": 0.7125058785469602,
      "p": 0.001
    },
    "pred": {
      "r": 0.47268361183137436,
      "p": 0.001
    },
    "combined": {
      "r": 0.24918045237757747,
      "p": 0.001
    }
  }
}