{
  "reducer": "kpca_poly",
  "info": {},
  "trust": {
    "gt": 0.8386508875739644,
    "pred": 0.6935029585798816
  },
  "mantel": {
    "gt": {
      "r": 0.6405825960987508,
      "p": 0.001
    },
    "pred": {
      "r": 0.21098628111227505,
      "p": 0.001
    },
    "combined": {
      "r": 0.20135640415878478,
      "p": 0.001
    }
  }
}