{
  "reducer": "kpca_rbf",
  "info": {},
  "trust": {
    "gt": 0.8627573964497042,
    "pred": 0.7635384615384615
  },
  "mantel": {
    "gt": {
      "r": 0.8134676950882643,
      "p": 0.001
    },
    "pred": {
      "r": 0.3197276074618666,
      "p": 0.001
    },
    "combined": {
      "r": 0.4566877833263518,
      "p": 0.001
    }
  }
}