,PC1_loading,PC2_loading
BA,-0.4438252554711157,0.37385089741464855
BC1,-0.3244014208172312,-0.5635875374839869
AC1,-0.49383944591483514,-0.2046210756165636
BC2,-0.16616263102105097,0.6167028593382914
AC2,0.4942236492047063,-0.24417554314974452
dc,-0.4266596149804135,-0.24655769491139623
