{
  "reducer": "diffmap",
  "info": {
    "diffmap_evals": [
      0.11953460425138474,
      0.03168002888560295
    ],
    "epsilon": 3.061245927474431
  },
  "trust": {
    "gt": 0.8348520710059172,
    "pred": 0.8695502958579882
  },
  "mantel": {
    "gt": {
      "r": 0.8195491556357597,
      "p": 0.001
    },
    "pred": {
      "r": 0.7339252378704132,
      "p": 0.001
    },
    "combined": {
      "r": 0.8425745708327645,
      "p": 0.001
    }
  }
}