{
  "reducer": "kpca_poly",
  "info": {},
  "trust": {
    "gt": 0.9059526627218935,
    "pred": 0.8100710059171597
  },
  "mantel": {
    "gt": {
      "r": 0.8805457058166644,
      "p": 0.001
    },
    "pred": {
      "r": 0.46774550253878894,
      "p": 0.001
    },
    "combined": {
      "r": 0.5392769208720515,
      "p": 0.001
    }
  }
}