TCR_name,minimization_mode,total_score,tcr_chains,pmhc_chains,peptide_chain,mhc_only_chains,partners_tcr_pmhc,partners_pep_mhc,interface_dG_tcr_pmhc,dG_separated_tcr_pmhc,delta_sasa_tcr_pmhc,interface_dG_pep_mhc,dG_separated_pep_mhc,delta_sasa_pep_mhc,dE_binding_tcr_pmhc
Binding_donor3_row4_cand000005,none,16273.430969708139,AB,MP,P,M,MP_AB,M_P,9117.725045071491,9117.725045071491,1903.942641235378,86.99857228543124,86.99857228543124,1728.2480636709113,9117.725045071029
Binding_donor1_row0_cand000001,none,19908.285434501915,AB,MP,P,M,MP_AB,M_P,7811.645651464338,7811.645651464338,1798.3162457469482,127.22294591690343,127.22294591690343,1782.5163773190984,7811.645651464478
Binding_donor1_row2_cand000003,none,24022.526461248366,AB,MP,P,M,MP_AB,M_P,11846.70185792559,11846.70185792559,2259.8638811974342,135.71345967091247,135.71345967091247,1767.2000736923155,11846.701857925571
