TCR_name,minimization_mode,total_score,tcr_chains,pmhc_chains,peptide_chain,mhc_only_chains,partners_tcr_pmhc,partners_pep_mhc,interface_dG_tcr_pmhc,dG_separated_tcr_pmhc,delta_sasa_tcr_pmhc,interface_dG_pep_mhc,dG_separated_pep_mhc,delta_sasa_pep_mhc,dE_binding_tcr_pmhc,openmm_energy
Binding_donor1_row2_cand000003,openmm,-219.33078489266325,AB,MP,P,M,MP_AB,M_P,-41.31943263304984,-41.31943263304984,2037.401817819398,-55.02651405443858,-55.02651405443858,1860.015636115823,-41.31943263274016,-54678.783051180966 kJ/mol
Binding_donor1_row0_cand000001,openmm,-369.6279984887229,AB,MP,P,M,MP_AB,M_P,-57.098363021098976,-57.098363021098976,2071.759849753892,-60.94666629948853,-60.94666629948853,1837.0066658200642,-57.09836302123432,-57151.711249982225 kJ/mol
Binding_donor3_row4_cand000005,openmm,-261.9722714066133,AB,MP,P,M,MP_AB,M_P,-37.549742906196116,-37.549742906196116,1890.925851561701,-67.47928282749885,-67.47928282749885,1747.3566729955598,-37.549742906200976,-53292.98792770075 kJ/mol
