{
  "reducer": "diffmap",
  "info": {
    "diffmap_evals": [
      0.15442360937595367,
      0.06437502056360245
    ],
    "epsilon": 0.08926097261972021
  },
  "trust": {
    "gt": 0.8485798816568048,
    "pred": 0.9205443786982248
  },
  "mantel": {
    "gt": {
      "r": 0.7909348905362776,
      "p": 0.001
    },
    "pred": {
      "r": 0.841207855839636,
      "p": 0.001
    },
    "combined": {
      "r": 0.8529549234348909,
      "p": 0.001
    }
  }
}