{
  "reducer": "diffmap",
  "info": {
    "diffmap_evals": [
      0.1300051063299179,
      0.06673203408718109
    ],
    "epsilon": 5.155357300486685
  },
  "trust": {
    "gt": 0.8282485207100592,
    "pred": 0.9216331360946746
  },
  "mantel": {
    "gt": {
      "r": 0.4269137978117915,
      "p": 0.001
    },
    "pred": {
      "r": 0.3646024835259658,
      "p": 0.001
    },
    "combined": {
      "r": 0.47960548245686846,
      "p": 0.001
    }
  }
}