{
  "reducer": "kpca_poly",
  "info": {},
  "trust": {
    "gt": 0.9402248520710059,
    "pred": 0.9007692307692308
  },
  "mantel": {
    "gt": {
      "r": 0.7460210411590383,
      "p": 0.001
    },
    "pred": {
      "r": 0.6792192012750545,
      "p": 0.001
    },
    "combined": {
      "r": 0.6635818886731978,
      "p": 0.001
    }
  }
}