{
  "reducer": "diffmap",
  "info": {
    "diffmap_evals": [
      0.10007576644420624,
      0.052560798823833466
    ],
    "epsilon": 1.4536686048822958
  },
  "trust": {
    "gt": 0.9198934911242603,
    "pred": 0.8939408284023669
  },
  "mantel": {
    "gt": {
      "r": 0.8581245128019822,
      "p": 0.001
    },
    "pred": {
      "r": 0.8355896983606877,
      "p": 0.001
    },
    "combined": {
      "r": 0.7500574969387384,
      "p": 0.001
    }
  }
}