{
  "reducer": "pca",
  "info": {
    "evr_fit": [
      0.4755876958370209,
      0.16811205446720123
    ],
    "evr_gt": [
      0.18268805742263794,
      0.2812716066837311
    ],
    "evr_pred": [
      0.56196528673172,
      0.156363382935524
    ]
  },
  "trust": {
    "gt": 0.7353964497041421,
    "pred": 0.8958934911242603
  },
  "mantel": {
    "gt": {
      "r": 0.24791507835706994,
      "p": 0.001
    },
    "pred": {
      "r": 0.06243231238340947,
      "p": 0.094
    },
    "combined": {
      "r": 0.166689790337148,
      "p": 0.001
    }
  }
}