{
  "reducer": "pca",
  "info": {
    "evr_fit": [
      0.46335282921791077,
      0.35575324296951294
    ],
    "evr_gt": [
      0.26490622758865356,
      0.3028945326805115
    ],
    "evr_pred": [
      0.42621922492980957,
      0.40489211678504944
    ]
  },
  "trust": {
    "gt": 0.8811479289940829,
    "pred": 0.970473372781065
  },
  "mantel": {
    "gt": {
      "r": 0.49258924700571294,
      "p": 0.001
    },
    "pred": {
      "r": 0.8399546166187131,
      "p": 0.001
    },
    "combined": {
      "r": 0.8692471410517009,
      "p": 0.001
    }
  }
}