{
  "reducer": "pca",
  "info": {
    "evr_fit": [
      0.5410922169685364,
      0.13841049373149872
    ],
    "evr_gt": [
      0.27408790588378906,
      0.12373261898756027
    ],
    "evr_pred": [
      0.39581477642059326,
      0.21751272678375244
    ]
  },
  "trust": {
    "gt": 0.8601775147928994,
    "pred": 0.9511952662721893
  },
  "mantel": {
    "gt": {
      "r": 0.3632230532058553,
      "p": 0.001
    },
    "pred": {
      "r": 0.5705764788277357,
      "p": 0.001
    },
    "combined": {
      "r": 0.6335421146992057,
      "p": 0.001
    }
  }
}