TCR_name,minimization_mode,total_score,tcr_chains,pmhc_chains,peptide_chain,mhc_only_chains,partners_tcr_pmhc,partners_pep_mhc,interface_dG_tcr_pmhc,dG_separated_tcr_pmhc,delta_sasa_tcr_pmhc,interface_dG_pep_mhc,dG_separated_pep_mhc,delta_sasa_pep_mhc,dE_binding_tcr_pmhc,openmm_energy
Binding_donor2_row1_cand000002,openmm,173.8207351862361,AB,MP,P,M,MP_AB,M_P,327.8268286593411,327.8268286593411,1788.391116796217,-56.65905307598116,-56.65905307598116,1780.1622539529517,327.82682865932617,-44773.36587595331 kJ/mol
Binding_donor2_row0_cand000001,openmm,-228.67648187008172,AB,MP,P,M,MP_AB,M_P,-37.80155508418645,-37.80155508418645,1786.4986679238077,-67.75806206445476,-67.75806206445476,1859.8919116644042,-37.801555084393385,-50761.94162876694 kJ/mol
Binding_donor3_row2_cand000003,openmm,-182.72568252052832,AB,MP,P,M,MP_AB,M_P,-28.715055582312317,-28.715055582312317,1390.6535798277416,-60.47845135829216,-60.47845135829216,1575.0315892998995,-28.7150555820362,-50533.48268677618 kJ/mol
