{
  "reducer": "kpca_cosine",
  "info": {},
  "trust": {
    "gt": 0.8575147928994082,
    "pred": 0.9020118343195266
  },
  "mantel": {
    "gt": {
      "r": 0.7634323055169062,
      "p": 0.001
    },
    "pred": {
      "r": 0.8342796420997745,
      "p": 0.001
    },
    "combined": {
      "r": 0.8145992068169007,
      "p": 0.001
    }
  }
}