{
  "reducer": "diffmap",
  "info": {
    "diffmap_evals": [
      0.059951864182949066,
      0.019204281270503998
    ],
    "epsilon": 64.73964304983747
  },
  "trust": {
    "gt": 0.8638934911242604,
    "pred": 0.6544852071005918
  },
  "mantel": {
    "gt": {
      "r": 0.6418138652790081,
      "p": 0.001
    },
    "pred": {
      "r": 0.17655345054038957,
      "p": 0.001
    },
    "combined": {
      "r": 0.1877137392262713,
      "p": 0.001
    }
  }
}