{
  "reducer": "diffmap",
  "info": {
    "diffmap_evals": [
      0.11481315642595291,
      0.052639394998550415
    ],
    "epsilon": 9.267540874218923
  },
  "trust": {
    "gt": 0.8264615384615385,
    "pred": 0.9137988165680473
  },
  "mantel": {
    "gt": {
      "r": 0.5832248301746127,
      "p": 0.001
    },
    "pred": {
      "r": 0.2989717385818283,
      "p": 0.001
    },
    "combined": {
      "r": 0.5128656754619874,
      "p": 0.001
    }
  }
}