{
  "reducer": "pca",
  "info": {
    "evr_fit": [
      0.7214252352714539,
      0.06287601590156555
    ],
    "evr_gt": [
      0.030239850282669067,
      0.32759425044059753
    ],
    "evr_pred": [
      0.10822521895170212,
      0.12625573575496674
    ]
  },
  "trust": {
    "gt": 0.8386508875739644,
    "pred": 0.7261301775147929
  },
  "mantel": {
    "gt": {
      "r": 0.2397987772681238,
      "p": 0.001
    },
    "pred": {
      "r": 0.11332898708441855,
      "p": 0.011
    },
    "combined": {
      "r": 0.5737150537203299,
      "p": 0.001
    }
  }
}