{
  "reducer": "diffmap",
  "info": {
    "diffmap_evals": [
      0.09165996313095093,
      0.029959550127387047
    ],
    "epsilon": 12.74759782532442
  },
  "trust": {
    "gt": 0.8142721893491125,
    "pred": 0.8123786982248521
  },
  "mantel": {
    "gt": {
      "r": 0.7944648443205161,
      "p": 0.001
    },
    "pred": {
      "r": 0.5310573987361713,
      "p": 0.001
    },
    "combined": {
      "r": 0.6967805329654452,
      "p": 0.001
    }
  }
}