{
  "reducer": "tica",
  "info": {
    "best_lag": 1,
    "vamp2_scores": {
      "1": 3.9721459101872636,
      "2": 3.667869897555922,
      "5": 3.3070873269413155,
      "10": 3.0851469934024554,
      "20": 2.859748041001311,
      "50": 2.5151385740234646
    },
    "values": [
      1.0,
      1.0
    ],
    "timescales": [
      1000022122209.0028,
      1000022122209.0028
    ]
  },
  "trust": {
    "gt": 0.8562958579881657,
    "pred": 0.7750532544378699
  },
  "mantel": {
    "gt": {
      "r": 0.9196557584806518,
      "p": 0.001
    },
    "pred": {
      "r": 0.4927009056430063,
      "p": 0.001
    },
    "combined": {
      "r": 0.7774358914716402,
      "p": 0.001
    }
  }
}