{
  "reducer": "kpca_rbf",
  "info": {},
  "trust": {
    "gt": 0.9032071005917159,
    "pred": 0.8461656804733728
  },
  "mantel": {
    "gt": {
      "r": 0.9014485272617001,
      "p": 0.001
    },
    "pred": {
      "r": 0.5759240564404406,
      "p": 0.001
    },
    "combined": {
      "r": 0.6484051839357179,
      "p": 0.001
    }
  }
}