{
  "reducer": "tica",
  "info": {
    "best_lag": 1,
    "vamp2_scores": {
      "1": 2.1030932073558675,
      "2": 2.037171872939833,
      "5": 1.9131449297002658,
      "10": 1.7820789700444428,
      "20": 1.564168858776318,
      "50": 1.2186319333622218
    },
    "values": [
      1.0,
      1.0
    ],
    "timescales": [
      1000022122209.0028,
      1000022122209.0028
    ]
  },
  "trust": {
    "gt": 0.731585798816568,
    "pred": 0.7448402366863905
  },
  "mantel": {
    "gt": {
      "r": 0.6265791975637263,
      "p": 0.001
    },
    "pred": {
      "r": 0.4667824176883596,
      "p": 0.001
    },
    "combined": {
      "r": 0.653940540210887,
      "p": 0.001
    }
  }
}