TCR_name,minimization_mode,total_score,tcr_chains,pmhc_chains,peptide_chain,mhc_only_chains,partners_tcr_pmhc,partners_pep_mhc,interface_dG_tcr_pmhc,dG_separated_tcr_pmhc,delta_sasa_tcr_pmhc,interface_dG_pep_mhc,dG_separated_pep_mhc,delta_sasa_pep_mhc,dE_binding_tcr_pmhc,openmm_energy
Binding_donor1_row1_cand000008,openmm,-223.4528267257088,AB,MP,P,M,MP_AB,M_P,-44.30033391965924,-44.30033391965924,1884.0882721138992,-66.53086972415738,-66.53086972415738,1868.3937129746055,-44.30033391961004,-53510.27538497913 kJ/mol
Binding_donor1_row2_cand000001,openmm,-201.96625369917655,AB,MP,P,M,MP_AB,M_P,-37.476661043289965,-37.476661043289965,1807.788729373939,-68.20267445039042,-68.20267445039042,1964.0638816235426,-37.47666104339564,-52429.65652830722 kJ/mol
Binding_donor3_row4_cand000002,openmm,-149.7726689894227,AB,MP,P,M,MP_AB,M_P,-35.41646408280039,-35.41646408280039,1682.6671147389973,-60.553479081266374,-60.553479081266374,1733.0705169924365,-35.41646408266597,-53674.231889121766 kJ/mol
Binding_donor3_row3_cand000004,openmm,725.7575615245545,AB,MP,P,M,MP_AB,M_P,306.39426062410047,306.39426062410047,2300.167908584642,-59.34640105986536,-59.34640105986536,1827.4473811516075,306.39426062397547,-35315.285581113756 kJ/mol
Binding_donor3_row6_cand000003,openmm,-297.3088303183315,AB,MP,P,M,MP_AB,M_P,-53.205752511154714,-53.205752511154714,2041.8207898029564,-52.58071494036744,-52.58071494036744,1919.7809689629216,-53.20575251096923,-55012.767716459944 kJ/mol
