{
  "reducer": "tica",
  "info": {
    "best_lag": 1,
    "vamp2_scores": {
      "1": 8.70543048055389,
      "2": 8.205431916955678,
      "5": 7.328882497021803,
      "10": 6.660252731613939,
      "20": 5.706232467026538,
      "50": 4.47647980587622
    },
    "values": [
      1.0,
      1.0
    ],
    "timescales": [
      1000022122209.0028,
      1000022122209.0028
    ]
  },
  "trust": {
    "gt": 0.8907337278106509,
    "pred": 0.7117633136094674
  },
  "mantel": {
    "gt": {
      "r": 0.6594959194865118,
      "p": 0.001
    },
    "pred": {
      "r": 0.060059706008950525,
      "p": 0.041
    },
    "combined": {
      "r": 0.13609273027705712,
      "p": 0.001
    }
  }
}