{
  "reducer": "tica",
  "info": {
    "best_lag": 1,
    "vamp2_scores": {
      "1": 3.7774952326284232,
      "2": 3.4845035169085032,
      "5": 3.1744086987292204,
      "10": 2.9975653313691812,
      "20": 2.744402153024734,
      "50": 2.3623947533743888
    },
    "values": [
      1.0,
      1.0
    ],
    "timescales": [
      1000022122209.0028,
      1000022122209.0028
    ]
  },
  "trust": {
    "gt": 0.8129112426035503,
    "pred": 0.6906272189349112
  },
  "mantel": {
    "gt": {
      "r": 0.8336890002136257,
      "p": 0.001
    },
    "pred": {
      "r": 0.3312490560010495,
      "p": 0.001
    },
    "combined": {
      "r": 0.5421668094292772,
      "p": 0.001
    }
  }
}