{
  "reducer": "diffmap",
  "info": {
    "diffmap_evals": [
      0.09165994077920914,
      0.029959531500935555
    ],
    "epsilon": 12.74760123030228
  },
  "trust": {
    "gt": 0.8142603550295858,
    "pred": 0.8123786982248521
  },
  "mantel": {
    "gt": {
      "r": 0.794466026566727,
      "p": 0.001
    },
    "pred": {
      "r": 0.5310580188831825,
      "p": 0.001
    },
    "combined": {
      "r": 0.6967806381490628,
      "p": 0.001
    }
  }
}