{
  "reducer": "kpca_poly",
  "info": {},
  "trust": {
    "gt": 0.8148165680473373,
    "pred": 0.7335976331360947
  },
  "mantel": {
    "gt": {
      "r": 0.5134587228647994,
      "p": 0.001
    },
    "pred": {
      "r": 0.28985012899911916,
      "p": 0.001
    },
    "combined": {
      "r": 0.4340556271245888,
      "p": 0.001
    }
  }
}