{
  "reducer": "kpca_rbf",
  "info": {},
  "trust": {
    "gt": 0.8719289940828403,
    "pred": 0.8435384615384616
  },
  "mantel": {
    "gt": {
      "r": 0.8107808194805427,
      "p": 0.001
    },
    "pred": {
      "r": 0.39090324035680424,
      "p": 0.001
    },
    "combined": {
      "r": 0.43460551521348106,
      "p": 0.001
    }
  }
}