{
  "reducer": "tica",
  "info": {
    "best_lag": 1,
    "vamp2_scores": {
      "1": 3.7774947679375575,
      "2": 3.484503391159886,
      "5": 3.1744088538562814,
      "10": 2.997564873712726,
      "20": 2.744402097730016,
      "50": 2.362394632381677
    },
    "values": [
      1.0,
      1.0
    ],
    "timescales": [
      1000022122209.0028,
      1000022122209.0028
    ]
  },
  "trust": {
    "gt": 0.8128994082840237,
    "pred": 0.6904970414201184
  },
  "mantel": {
    "gt": {
      "r": 0.8336879970094523,
      "p": 0.001
    },
    "pred": {
      "r": 0.33124925224572027,
      "p": 0.001
    },
    "combined": {
      "r": 0.5421665541149754,
      "p": 0.001
    }
  }
}