{
  "reducer": "tica",
  "info": {
    "best_lag": 1,
    "vamp2_scores": {
      "1": 1.3649447507095989,
      "2": 1.3180695052265476,
      "5": 1.2343944109070795,
      "10": 1.1852864989329301,
      "20": 1.1296558103014245,
      "50": 1.0620135966718822
    },
    "values": [
      1.0,
      1.0
    ],
    "timescales": [
      1000022122209.0028,
      1000022122209.0028
    ]
  },
  "trust": {
    "gt": 0.6459644970414201,
    "pred": 0.7301775147928994
  },
  "mantel": {
    "gt": {
      "r": 0.6856509340193339,
      "p": 0.001
    },
    "pred": {
      "r": 0.7196725179488064,
      "p": 0.001
    },
    "combined": {
      "r": 0.8458677733227746,
      "p": 0.001
    }
  }
}