{
  "reducer": "tica",
  "info": {
    "best_lag": 1,
    "vamp2_scores": {
      "1": 2.008451420177,
      "2": 1.9577559643420415,
      "5": 1.862748709398893,
      "10": 1.754951616803748,
      "20": 1.5310638176696556,
      "50": 1.1836848814564562
    },
    "values": [
      1.0,
      1.0
    ],
    "timescales": [
      1000022122209.0028,
      1000022122209.0028
    ]
  },
  "trust": {
    "gt": 0.7053846153846154,
    "pred": 0.7324733727810651
  },
  "mantel": {
    "gt": {
      "r": 0.5877825965153808,
      "p": 0.001
    },
    "pred": {
      "r": 0.25373180787773536,
      "p": 0.001
    },
    "combined": {
      "r": 0.4929169865064005,
      "p": 0.001
    }
  }
}