{
  "reducer": "diffmap",
  "info": {
    "diffmap_evals": [
      0.06784482300281525,
      0.023417869582772255
    ],
    "epsilon": 36.642491682096306
  },
  "trust": {
    "gt": 0.851112426035503,
    "pred": 0.6980946745562131
  },
  "mantel": {
    "gt": {
      "r": 0.5997954510185022,
      "p": 0.001
    },
    "pred": {
      "r": 0.3097964672621859,
      "p": 0.001
    },
    "combined": {
      "r": 0.208039748327889,
      "p": 0.001
    }
  }
}